"","time","x","y","s","dis","dir","event","nflId","displayName","jerseyNumber","team","frame.id","gameId","playId","seconds_since_throw","z","z1","z2","teamAbbr"
"1",2017-09-17 20:08:08,63.7,25.09,1.47,0.17,78.15,NA,71251,"Patrick Chung",23,"away",1,2017091705,4472,-1.9,0,0,0,"away"
"2",2017-09-17 20:08:08,63.85,25.13,1.36,0.15,78.47,NA,71251,"Patrick Chung",23,"away",2,2017091705,4472,-1.8,0,0,0,"away"
"3",2017-09-17 20:08:08,64,25.16,1.23,0.15,78.94,NA,71251,"Patrick Chung",23,"away",3,2017091705,4472,-1.7,0,0,0,"away"
"4",2017-09-17 20:08:08,64.14,25.19,1.1,0.14,80.05,NA,71251,"Patrick Chung",23,"away",4,2017091705,4472,-1.6,0,0,0,"away"
"5",2017-09-17 20:08:08,64.25,25.22,0.96,0.11,81.66,NA,71251,"Patrick Chung",23,"away",5,2017091705,4472,-1.5,0,0,0,"away"
"6",2017-09-17 20:08:08,64.33,25.26,0.81,0.09,83.72,NA,71251,"Patrick Chung",23,"away",6,2017091705,4472,-1.4,0,0,0,"away"
"7",2017-09-17 20:08:08,64.39,25.28,0.68,0.07,86.16,NA,71251,"Patrick Chung",23,"away",7,2017091705,4472,-1.3,0,0,0,"away"
"8",2017-09-17 20:08:08,64.45,25.27,0.54,0.06,90.91,NA,71251,"Patrick Chung",23,"away",8,2017091705,4472,-1.2,0,0,0,"away"
"9",2017-09-17 20:08:08,64.49,25.27,0.41,0.04,98.49,NA,71251,"Patrick Chung",23,"away",9,2017091705,4472,-1.1,0,0,0,"away"
"10",2017-09-17 20:08:09,64.52,25.27,0.3,0.04,109.57,NA,71251,"Patrick Chung",23,"away",10,2017091705,4472,-1,0,0,0,"away"
"11",2017-09-17 20:08:09,64.53,25.25,0.22,0.02,130.05,NA,71251,"Patrick Chung",23,"away",11,2017091705,4472,-0.9,0,0,0,"away"
"12",2017-09-17 20:08:09,64.53,25.23,0.19,0.02,165.91,NA,71251,"Patrick Chung",23,"away",12,2017091705,4472,-0.8,0,0,0,"away"
"13",2017-09-17 20:08:09,64.52,25.19,0.23,0.04,197.64,NA,71251,"Patrick Chung",23,"away",13,2017091705,4472,-0.7,0,0,0,"away"
"14",2017-09-17 20:08:09,64.49,25.14,0.31,0.06,213.26,NA,71251,"Patrick Chung",23,"away",14,2017091705,4472,-0.6,0,0,0,"away"
"15",2017-09-17 20:08:09,64.44,25.1,0.39,0.07,220.49,"ball_snap",71251,"Patrick Chung",23,"away",15,2017091705,4472,-0.5,0,0,0,"away"
"16",2017-09-17 20:08:09,64.39,25.05,0.46,0.07,225.86,NA,71251,"Patrick Chung",23,"away",16,2017091705,4472,-0.4,0,0,0,"away"
"17",2017-09-17 20:08:09,64.33,24.99,0.51,0.08,230,NA,71251,"Patrick Chung",23,"away",17,2017091705,4472,-0.3,0,0,0,"away"
"18",2017-09-17 20:08:09,64.27,24.94,0.56,0.08,232.03,NA,71251,"Patrick Chung",23,"away",18,2017091705,4472,-0.2,0,0,0,"away"
"19",2017-09-17 20:08:09,64.22,24.91,0.61,0.07,234.56,NA,71251,"Patrick Chung",23,"away",19,2017091705,4472,-0.1,0,0,0,"away"
"20",2017-09-17 20:08:10,64.15,24.88,0.63,0.07,236.21,"pass_forward",71251,"Patrick Chung",23,"away",20,2017091705,4472,0,0,0,0,"away"
"21",2017-09-17 20:08:10,64.09,24.83,0.66,0.08,237.95,NA,71251,"Patrick Chung",23,"away",21,2017091705,4472,0.1,0,0,0,"away"
"22",2017-09-17 20:08:10,64.02,24.79,0.67,0.08,239.69,NA,71251,"Patrick Chung",23,"away",22,2017091705,4472,0.2,0,0,0,"away"
"23",2017-09-17 20:08:10,63.95,24.76,0.66,0.08,242.21,NA,71251,"Patrick Chung",23,"away",23,2017091705,4472,0.3,0,0,0,"away"
"24",2017-09-17 20:08:10,63.88,24.73,0.65,0.08,243.93,"pass_outcome_incomplete",71251,"Patrick Chung",23,"away",24,2017091705,4472,0.4,0,0,0,"away"
"25",2017-09-17 20:08:10,63.8,24.71,0.63,0.08,245.06,NA,71251,"Patrick Chung",23,"away",25,2017091705,4472,0.5,0,0,0,"away"
"26",2017-09-17 20:08:10,63.74,24.68,0.62,0.07,246.75,NA,71251,"Patrick Chung",23,"away",26,2017091705,4472,0.6,0,0,0,"away"
"27",2017-09-17 20:08:10,63.69,24.65,0.6,0.06,248.15,NA,71251,"Patrick Chung",23,"away",27,2017091705,4472,0.7,0,0,0,"away"
"28",2017-09-17 20:08:10,63.63,24.63,0.58,0.06,248.34,NA,71251,"Patrick Chung",23,"away",28,2017091705,4472,0.8,0,0,0,"away"
"29",2017-09-17 20:08:10,63.58,24.62,0.55,0.05,248.78,NA,71251,"Patrick Chung",23,"away",29,2017091705,4472,0.9,0,0,0,"away"
"30",2017-09-17 20:08:11,63.53,24.6,0.52,0.05,249.78,NA,71251,"Patrick Chung",23,"away",30,2017091705,4472,1,0,0,0,"away"
"31",2017-09-17 20:08:11,63.48,24.58,0.48,0.06,251.24,NA,71251,"Patrick Chung",23,"away",31,2017091705,4472,1.1,0,0,0,"away"
"32",2017-09-17 20:08:11,63.44,24.59,0.43,0.04,252.23,NA,71251,"Patrick Chung",23,"away",32,2017091705,4472,1.2,0,0,0,"away"
"33",2017-09-17 20:08:11,63.39,24.58,0.38,0.05,253.47,NA,71251,"Patrick Chung",23,"away",33,2017091705,4472,1.3,0,0,0,"away"
"34",2017-09-17 20:08:11,63.35,24.57,0.33,0.04,254.55,NA,71251,"Patrick Chung",23,"away",34,2017091705,4472,1.4,0,0,0,"away"
"35",2017-09-17 20:08:08,67.03,18.45,3.52,0.36,100.33,NA,494287,"Devin McCourty",32,"away",1,2017091705,4472,-1.9,0,0,0,"away"
"36",2017-09-17 20:08:08,67.36,18.38,3.49,0.34,101.27,NA,494287,"Devin McCourty",32,"away",2,2017091705,4472,-1.8,0,0,0,"away"
"37",2017-09-17 20:08:08,67.7,18.3,3.47,0.35,102.2,NA,494287,"Devin McCourty",32,"away",3,2017091705,4472,-1.7,0,0,0,"away"
"38",2017-09-17 20:08:08,68.04,18.21,3.44,0.35,103.07,NA,494287,"Devin McCourty",32,"away",4,2017091705,4472,-1.6,0,0,0,"away"
"39",2017-09-17 20:08:08,68.37,18.11,3.42,0.34,104.11,NA,494287,"Devin McCourty",32,"away",5,2017091705,4472,-1.5,0,0,0,"away"
"40",2017-09-17 20:08:08,68.7,18.01,3.38,0.34,104.71,NA,494287,"Devin McCourty",32,"away",6,2017091705,4472,-1.4,0,0,0,"away"
"41",2017-09-17 20:08:08,69.02,17.92,3.35,0.33,104.98,NA,494287,"Devin McCourty",32,"away",7,2017091705,4472,-1.3,0,0,0,"away"
"42",2017-09-17 20:08:08,69.33,17.8,3.32,0.33,105.11,NA,494287,"Devin McCourty",32,"away",8,2017091705,4472,-1.2,0,0,0,"away"
"43",2017-09-17 20:08:08,69.63,17.71,3.29,0.32,105.38,NA,494287,"Devin McCourty",32,"away",9,2017091705,4472,-1.1,0,0,0,"away"
"44",2017-09-17 20:08:09,69.94,17.61,3.26,0.32,105.58,NA,494287,"Devin McCourty",32,"away",10,2017091705,4472,-1,0,0,0,"away"
"45",2017-09-17 20:08:09,70.25,17.52,3.24,0.32,105.61,NA,494287,"Devin McCourty",32,"away",11,2017091705,4472,-0.9,0,0,0,"away"
"46",2017-09-17 20:08:09,70.57,17.43,3.21,0.33,105.46,NA,494287,"Devin McCourty",32,"away",12,2017091705,4472,-0.8,0,0,0,"away"
"47",2017-09-17 20:08:09,70.88,17.35,3.18,0.33,105.28,NA,494287,"Devin McCourty",32,"away",13,2017091705,4472,-0.7,0,0,0,"away"
"48",2017-09-17 20:08:09,71.18,17.24,3.15,0.32,104.88,NA,494287,"Devin McCourty",32,"away",14,2017091705,4472,-0.6,0,0,0,"away"
"49",2017-09-17 20:08:09,71.48,17.14,3.13,0.31,104.37,"ball_snap",494287,"Devin McCourty",32,"away",15,2017091705,4472,-0.5,0,0,0,"away"
"50",2017-09-17 20:08:09,71.78,17.07,3.1,0.31,103.86,NA,494287,"Devin McCourty",32,"away",16,2017091705,4472,-0.4,0,0,0,"away"
"51",2017-09-17 20:08:09,72.08,17.02,3.08,0.31,103.2,NA,494287,"Devin McCourty",32,"away",17,2017091705,4472,-0.3,0,0,0,"away"
"52",2017-09-17 20:08:09,72.38,16.95,3.06,0.3,102.88,NA,494287,"Devin McCourty",32,"away",18,2017091705,4472,-0.2,0,0,0,"away"
"53",2017-09-17 20:08:09,72.68,16.88,3.04,0.31,102.12,NA,494287,"Devin McCourty",32,"away",19,2017091705,4472,-0.1,0,0,0,"away"
"54",2017-09-17 20:08:10,72.97,16.82,3.02,0.3,101.43,"pass_forward",494287,"Devin McCourty",32,"away",20,2017091705,4472,0,0,0,0,"away"
"55",2017-09-17 20:08:10,73.27,16.76,2.99,0.3,100.97,NA,494287,"Devin McCourty",32,"away",21,2017091705,4472,0.1,0,0,0,"away"
"56",2017-09-17 20:08:10,73.56,16.71,2.95,0.3,100.62,NA,494287,"Devin McCourty",32,"away",22,2017091705,4472,0.2,0,0,0,"away"
"57",2017-09-17 20:08:10,73.86,16.66,2.92,0.3,99.67,NA,494287,"Devin McCourty",32,"away",23,2017091705,4472,0.3,0,0,0,"away"
"58",2017-09-17 20:08:10,74.15,16.62,2.89,0.3,98.84,"pass_outcome_incomplete",494287,"Devin McCourty",32,"away",24,2017091705,4472,0.4,0,0,0,"away"
"59",2017-09-17 20:08:10,74.44,16.58,2.84,0.29,98.18,NA,494287,"Devin McCourty",32,"away",25,2017091705,4472,0.5,0,0,0,"away"
"60",2017-09-17 20:08:10,74.73,16.53,2.79,0.29,98.05,NA,494287,"Devin McCourty",32,"away",26,2017091705,4472,0.6,0,0,0,"away"
"61",2017-09-17 20:08:10,75.01,16.48,2.74,0.29,97.72,NA,494287,"Devin McCourty",32,"away",27,2017091705,4472,0.7,0,0,0,"away"
"62",2017-09-17 20:08:10,75.3,16.46,2.68,0.29,97.37,NA,494287,"Devin McCourty",32,"away",28,2017091705,4472,0.8,0,0,0,"away"
"63",2017-09-17 20:08:10,75.58,16.45,2.62,0.28,96.94,NA,494287,"Devin McCourty",32,"away",29,2017091705,4472,0.9,0,0,0,"away"
"64",2017-09-17 20:08:11,75.85,16.41,2.55,0.27,96.58,NA,494287,"Devin McCourty",32,"away",30,2017091705,4472,1,0,0,0,"away"
"65",2017-09-17 20:08:11,76.1,16.37,2.47,0.26,96.14,NA,494287,"Devin McCourty",32,"away",31,2017091705,4472,1.1,0,0,0,"away"
"66",2017-09-17 20:08:11,76.36,16.35,2.39,0.26,95.75,NA,494287,"Devin McCourty",32,"away",32,2017091705,4472,1.2,0,0,0,"away"
"67",2017-09-17 20:08:11,76.61,16.35,2.29,0.26,95.35,NA,494287,"Devin McCourty",32,"away",33,2017091705,4472,1.3,0,0,0,"away"
"68",2017-09-17 20:08:11,76.85,16.34,2.19,0.23,95.04,NA,494287,"Devin McCourty",32,"away",34,2017091705,4472,1.4,0,0,0,"away"
"69",2017-09-17 20:08:08,59.08,12.59,1.86,0.18,187.82,NA,2533062,"Stephon Gilmore",24,"away",1,2017091705,4472,-1.9,0,0,0,"away"
"70",2017-09-17 20:08:08,59.07,12.41,1.89,0.19,189.36,NA,2533062,"Stephon Gilmore",24,"away",2,2017091705,4472,-1.8,0,0,0,"away"
"71",2017-09-17 20:08:08,59.05,12.22,1.93,0.19,190.87,NA,2533062,"Stephon Gilmore",24,"away",3,2017091705,4472,-1.7,0,0,0,"away"
"72",2017-09-17 20:08:08,59.01,12.02,1.95,0.2,192.32,NA,2533062,"Stephon Gilmore",24,"away",4,2017091705,4472,-1.6,0,0,0,"away"
"73",2017-09-17 20:08:08,58.96,11.81,1.97,0.22,193.83,NA,2533062,"Stephon Gilmore",24,"away",5,2017091705,4472,-1.5,0,0,0,"away"
"74",2017-09-17 20:08:08,58.91,11.59,1.98,0.22,195.36,NA,2533062,"Stephon Gilmore",24,"away",6,2017091705,4472,-1.4,0,0,0,"away"
"75",2017-09-17 20:08:08,58.85,11.39,1.98,0.21,196.85,NA,2533062,"Stephon Gilmore",24,"away",7,2017091705,4472,-1.3,0,0,0,"away"
"76",2017-09-17 20:08:08,58.79,11.19,1.99,0.21,198.43,NA,2533062,"Stephon Gilmore",24,"away",8,2017091705,4472,-1.2,0,0,0,"away"
"77",2017-09-17 20:08:08,58.71,11,2,0.21,200.08,NA,2533062,"Stephon Gilmore",24,"away",9,2017091705,4472,-1.1,0,0,0,"away"
"78",2017-09-17 20:08:09,58.63,10.79,2,0.22,201.42,NA,2533062,"Stephon Gilmore",24,"away",10,2017091705,4472,-1,0,0,0,"away"
"79",2017-09-17 20:08:09,58.54,10.58,2,0.23,202.54,NA,2533062,"Stephon Gilmore",24,"away",11,2017091705,4472,-0.9,0,0,0,"away"
"80",2017-09-17 20:08:09,58.44,10.38,1.98,0.22,203.47,NA,2533062,"Stephon Gilmore",24,"away",12,2017091705,4472,-0.8,0,0,0,"away"
"81",2017-09-17 20:08:09,58.34,10.2,1.94,0.21,204.01,NA,2533062,"Stephon Gilmore",24,"away",13,2017091705,4472,-0.7,0,0,0,"away"
"82",2017-09-17 20:08:09,58.24,10.02,1.88,0.21,204.21,NA,2533062,"Stephon Gilmore",24,"away",14,2017091705,4472,-0.6,0,0,0,"away"
"83",2017-09-17 20:08:09,58.14,9.85,1.8,0.2,204.05,"ball_snap",2533062,"Stephon Gilmore",24,"away",15,2017091705,4472,-0.5,0,0,0,"away"
"84",2017-09-17 20:08:09,58.05,9.69,1.72,0.19,203.86,NA,2533062,"Stephon Gilmore",24,"away",16,2017091705,4472,-0.4,0,0,0,"away"
"85",2017-09-17 20:08:09,57.95,9.54,1.64,0.18,203.52,NA,2533062,"Stephon Gilmore",24,"away",17,2017091705,4472,-0.3,0,0,0,"away"
"86",2017-09-17 20:08:09,57.85,9.39,1.56,0.18,202.94,NA,2533062,"Stephon Gilmore",24,"away",18,2017091705,4472,-0.2,0,0,0,"away"
"87",2017-09-17 20:08:09,57.76,9.24,1.46,0.17,202.03,NA,2533062,"Stephon Gilmore",24,"away",19,2017091705,4472,-0.1,0,0,0,"away"
"88",2017-09-17 20:08:10,57.69,9.09,1.35,0.16,200.78,"pass_forward",2533062,"Stephon Gilmore",24,"away",20,2017091705,4472,0,0,0,0,"away"
"89",2017-09-17 20:08:10,57.63,8.96,1.26,0.15,199.68,NA,2533062,"Stephon Gilmore",24,"away",21,2017091705,4472,0.1,0,0,0,"away"
"90",2017-09-17 20:08:10,57.59,8.84,1.16,0.12,198.04,NA,2533062,"Stephon Gilmore",24,"away",22,2017091705,4472,0.2,0,0,0,"away"
"91",2017-09-17 20:08:10,57.58,8.73,1.06,0.11,195.66,NA,2533062,"Stephon Gilmore",24,"away",23,2017091705,4472,0.3,0,0,0,"away"
"92",2017-09-17 20:08:10,57.59,8.64,0.97,0.09,193.33,"pass_outcome_incomplete",2533062,"Stephon Gilmore",24,"away",24,2017091705,4472,0.4,0,0,0,"away"
"93",2017-09-17 20:08:10,57.6,8.56,0.89,0.08,191.55,NA,2533062,"Stephon Gilmore",24,"away",25,2017091705,4472,0.5,0,0,0,"away"
"94",2017-09-17 20:08:10,57.61,8.48,0.82,0.07,189.79,NA,2533062,"Stephon Gilmore",24,"away",26,2017091705,4472,0.6,0,0,0,"away"
"95",2017-09-17 20:08:10,57.62,8.42,0.74,0.07,187.22,NA,2533062,"Stephon Gilmore",24,"away",27,2017091705,4472,0.7,0,0,0,"away"
"96",2017-09-17 20:08:10,57.65,8.35,0.67,0.07,184.22,NA,2533062,"Stephon Gilmore",24,"away",28,2017091705,4472,0.8,0,0,0,"away"
"97",2017-09-17 20:08:10,57.67,8.3,0.59,0.06,180.54,NA,2533062,"Stephon Gilmore",24,"away",29,2017091705,4472,0.9,0,0,0,"away"
"98",2017-09-17 20:08:11,57.68,8.25,0.52,0.05,176.05,NA,2533062,"Stephon Gilmore",24,"away",30,2017091705,4472,1,0,0,0,"away"
"99",2017-09-17 20:08:11,57.69,8.21,0.46,0.04,172.21,NA,2533062,"Stephon Gilmore",24,"away",31,2017091705,4472,1.1,0,0,0,"away"
"100",2017-09-17 20:08:11,57.72,8.18,0.4,0.04,169.48,NA,2533062,"Stephon Gilmore",24,"away",32,2017091705,4472,1.2,0,0,0,"away"
"101",2017-09-17 20:08:11,57.74,8.14,0.35,0.03,168.43,NA,2533062,"Stephon Gilmore",24,"away",33,2017091705,4472,1.3,0,0,0,"away"
"102",2017-09-17 20:08:11,57.72,8.12,0.3,0.03,166.78,NA,2533062,"Stephon Gilmore",24,"away",34,2017091705,4472,1.4,0,0,0,"away"
"103",2017-09-17 20:08:08,72.6,32.56,3.59,0.37,68.39,NA,2541243,"Duron Harmon",30,"away",1,2017091705,4472,-1.9,0,0,0,"away"
"104",2017-09-17 20:08:08,72.94,32.69,3.57,0.37,68.26,NA,2541243,"Duron Harmon",30,"away",2,2017091705,4472,-1.8,0,0,0,"away"
"105",2017-09-17 20:08:08,73.29,32.83,3.55,0.37,68.13,NA,2541243,"Duron Harmon",30,"away",3,2017091705,4472,-1.7,0,0,0,"away"
"106",2017-09-17 20:08:08,73.62,32.97,3.53,0.36,68.12,NA,2541243,"Duron Harmon",30,"away",4,2017091705,4472,-1.6,0,0,0,"away"
"107",2017-09-17 20:08:08,73.96,33.11,3.5,0.36,68.17,NA,2541243,"Duron Harmon",30,"away",5,2017091705,4472,-1.5,0,0,0,"away"
"108",2017-09-17 20:08:08,74.29,33.25,3.46,0.36,68.42,NA,2541243,"Duron Harmon",30,"away",6,2017091705,4472,-1.4,0,0,0,"away"
"109",2017-09-17 20:08:08,74.61,33.4,3.41,0.36,68.75,NA,2541243,"Duron Harmon",30,"away",7,2017091705,4472,-1.3,0,0,0,"away"
"110",2017-09-17 20:08:08,74.95,33.54,3.35,0.36,69.12,NA,2541243,"Duron Harmon",30,"away",8,2017091705,4472,-1.2,0,0,0,"away"
"111",2017-09-17 20:08:08,75.27,33.67,3.28,0.35,69.49,NA,2541243,"Duron Harmon",30,"away",9,2017091705,4472,-1.1,0,0,0,"away"
"112",2017-09-17 20:08:09,75.58,33.8,3.21,0.33,69.9,NA,2541243,"Duron Harmon",30,"away",10,2017091705,4472,-1,0,0,0,"away"
"113",2017-09-17 20:08:09,75.88,33.92,3.12,0.32,70.39,NA,2541243,"Duron Harmon",30,"away",11,2017091705,4472,-0.9,0,0,0,"away"
"114",2017-09-17 20:08:09,76.16,34.05,3.02,0.31,71.03,NA,2541243,"Duron Harmon",30,"away",12,2017091705,4472,-0.8,0,0,0,"away"
"115",2017-09-17 20:08:09,76.46,34.17,2.93,0.32,71.89,NA,2541243,"Duron Harmon",30,"away",13,2017091705,4472,-0.7,0,0,0,"away"
"116",2017-09-17 20:08:09,76.74,34.26,2.84,0.29,72.92,NA,2541243,"Duron Harmon",30,"away",14,2017091705,4472,-0.6,0,0,0,"away"
"117",2017-09-17 20:08:09,77,34.32,2.74,0.28,74.1,"ball_snap",2541243,"Duron Harmon",30,"away",15,2017091705,4472,-0.5,0,0,0,"away"
"118",2017-09-17 20:08:09,77.27,34.39,2.64,0.28,75.48,NA,2541243,"Duron Harmon",30,"away",16,2017091705,4472,-0.4,0,0,0,"away"
"119",2017-09-17 20:08:09,77.53,34.45,2.53,0.27,76.81,NA,2541243,"Duron Harmon",30,"away",17,2017091705,4472,-0.3,0,0,0,"away"
"120",2017-09-17 20:08:09,77.79,34.5,2.43,0.26,78.1,NA,2541243,"Duron Harmon",30,"away",18,2017091705,4472,-0.2,0,0,0,"away"
"121",2017-09-17 20:08:09,78.02,34.54,2.33,0.24,79.42,NA,2541243,"Duron Harmon",30,"away",19,2017091705,4472,-0.1,0,0,0,"away"
"122",2017-09-17 20:08:10,78.23,34.57,2.23,0.22,80.8,"pass_forward",2541243,"Duron Harmon",30,"away",20,2017091705,4472,0,0,0,0,"away"
"123",2017-09-17 20:08:10,78.43,34.6,2.14,0.2,82.48,NA,2541243,"Duron Harmon",30,"away",21,2017091705,4472,0.1,0,0,0,"away"
"124",2017-09-17 20:08:10,78.64,34.61,2.05,0.21,84.14,NA,2541243,"Duron Harmon",30,"away",22,2017091705,4472,0.2,0,0,0,"away"
"125",2017-09-17 20:08:10,78.84,34.61,1.96,0.2,85.5,NA,2541243,"Duron Harmon",30,"away",23,2017091705,4472,0.3,0,0,0,"away"
"126",2017-09-17 20:08:10,79.03,34.6,1.88,0.19,86.5,"pass_outcome_incomplete",2541243,"Duron Harmon",30,"away",24,2017091705,4472,0.4,0,0,0,"away"
"127",2017-09-17 20:08:10,79.21,34.59,1.8,0.18,87.52,NA,2541243,"Duron Harmon",30,"away",25,2017091705,4472,0.5,0,0,0,"away"
"128",2017-09-17 20:08:10,79.39,34.58,1.72,0.17,88.74,NA,2541243,"Duron Harmon",30,"away",26,2017091705,4472,0.6,0,0,0,"away"
"129",2017-09-17 20:08:10,79.55,34.57,1.64,0.16,89.62,NA,2541243,"Duron Harmon",30,"away",27,2017091705,4472,0.7,0,0,0,"away"
"130",2017-09-17 20:08:10,79.7,34.57,1.58,0.15,90.51,NA,2541243,"Duron Harmon",30,"away",28,2017091705,4472,0.8,0,0,0,"away"
"131",2017-09-17 20:08:10,79.84,34.57,1.52,0.14,91.17,NA,2541243,"Duron Harmon",30,"away",29,2017091705,4472,0.9,0,0,0,"away"
"132",2017-09-17 20:08:11,79.99,34.55,1.47,0.14,91.82,NA,2541243,"Duron Harmon",30,"away",30,2017091705,4472,1,0,0,0,"away"
"133",2017-09-17 20:08:11,80.13,34.54,1.42,0.14,92.13,NA,2541243,"Duron Harmon",30,"away",31,2017091705,4472,1.1,0,0,0,"away"
"134",2017-09-17 20:08:11,80.26,34.54,1.37,0.13,92.06,NA,2541243,"Duron Harmon",30,"away",32,2017091705,4472,1.2,0,0,0,"away"
"135",2017-09-17 20:08:11,80.39,34.53,1.33,0.13,91.73,NA,2541243,"Duron Harmon",30,"away",33,2017091705,4472,1.3,0,0,0,"away"
"136",2017-09-17 20:08:11,80.51,34.53,1.29,0.12,91.14,NA,2541243,"Duron Harmon",30,"away",34,2017091705,4472,1.4,0,0,0,"away"
"137",2017-09-17 20:08:08,56.72,23.19,0.61,0.08,341.84,NA,2543699,"Kyle Van Noy",53,"away",1,2017091705,4472,-1.9,0,0,0,"away"
"138",2017-09-17 20:08:08,56.7,23.27,0.66,0.08,341.58,NA,2543699,"Kyle Van Noy",53,"away",2,2017091705,4472,-1.8,0,0,0,"away"
"139",2017-09-17 20:08:08,56.68,23.35,0.71,0.08,341.57,NA,2543699,"Kyle Van Noy",53,"away",3,2017091705,4472,-1.7,0,0,0,"away"
"140",2017-09-17 20:08:08,56.67,23.43,0.76,0.08,341.29,NA,2543699,"Kyle Van Noy",53,"away",4,2017091705,4472,-1.6,0,0,0,"away"
"141",2017-09-17 20:08:08,56.65,23.52,0.81,0.09,340.26,NA,2543699,"Kyle Van Noy",53,"away",5,2017091705,4472,-1.5,0,0,0,"away"
"142",2017-09-17 20:08:08,56.63,23.6,0.85,0.09,338.79,NA,2543699,"Kyle Van Noy",53,"away",6,2017091705,4472,-1.4,0,0,0,"away"
"143",2017-09-17 20:08:08,56.6,23.69,0.89,0.09,337.73,NA,2543699,"Kyle Van Noy",53,"away",7,2017091705,4472,-1.3,0,0,0,"away"
"144",2017-09-17 20:08:08,56.57,23.79,0.92,0.1,337,NA,2543699,"Kyle Van Noy",53,"away",8,2017091705,4472,-1.2,0,0,0,"away"
"145",2017-09-17 20:08:08,56.54,23.88,0.95,0.1,336.43,NA,2543699,"Kyle Van Noy",53,"away",9,2017091705,4472,-1.1,0,0,0,"away"
"146",2017-09-17 20:08:09,56.52,23.97,0.97,0.09,335.8,NA,2543699,"Kyle Van Noy",53,"away",10,2017091705,4472,-1,0,0,0,"away"
"147",2017-09-17 20:08:09,56.49,24.06,0.98,0.09,334.49,NA,2543699,"Kyle Van Noy",53,"away",11,2017091705,4472,-0.9,0,0,0,"away"
"148",2017-09-17 20:08:09,56.45,24.15,1,0.1,333.02,NA,2543699,"Kyle Van Noy",53,"away",12,2017091705,4472,-0.8,0,0,0,"away"
"149",2017-09-17 20:08:09,56.41,24.23,1.02,0.1,331.35,NA,2543699,"Kyle Van Noy",53,"away",13,2017091705,4472,-0.7,0,0,0,"away"
"150",2017-09-17 20:08:09,56.35,24.31,1.03,0.1,329.5,NA,2543699,"Kyle Van Noy",53,"away",14,2017091705,4472,-0.6,0,0,0,"away"
"151",2017-09-17 20:08:09,56.27,24.4,1.04,0.11,327.93,"ball_snap",2543699,"Kyle Van Noy",53,"away",15,2017091705,4472,-0.5,0,0,0,"away"
"152",2017-09-17 20:08:09,56.2,24.49,1.05,0.12,326.44,NA,2543699,"Kyle Van Noy",53,"away",16,2017091705,4472,-0.4,0,0,0,"away"
"153",2017-09-17 20:08:09,56.12,24.58,1.07,0.12,325.42,NA,2543699,"Kyle Van Noy",53,"away",17,2017091705,4472,-0.3,0,0,0,"away"
"154",2017-09-17 20:08:09,56.06,24.68,1.07,0.12,324.32,NA,2543699,"Kyle Van Noy",53,"away",18,2017091705,4472,-0.2,0,0,0,"away"
"155",2017-09-17 20:08:09,56.01,24.77,1.08,0.11,322.71,NA,2543699,"Kyle Van Noy",53,"away",19,2017091705,4472,-0.1,0,0,0,"away"
"156",2017-09-17 20:08:10,55.94,24.86,1.09,0.11,321.31,"pass_forward",2543699,"Kyle Van Noy",53,"away",20,2017091705,4472,0,0,0,0,"away"
"157",2017-09-17 20:08:10,55.87,24.95,1.09,0.12,317.92,NA,2543699,"Kyle Van Noy",53,"away",21,2017091705,4472,0.1,0,0,0,"away"
"158",2017-09-17 20:08:10,55.79,25.04,1.11,0.12,316.35,NA,2543699,"Kyle Van Noy",53,"away",22,2017091705,4472,0.2,0,0,0,"away"
"159",2017-09-17 20:08:10,55.72,25.11,1.12,0.11,318.27,NA,2543699,"Kyle Van Noy",53,"away",23,2017091705,4472,0.3,0,0,0,"away"
"160",2017-09-17 20:08:10,55.63,25.19,1.12,0.11,318.49,"pass_outcome_incomplete",2543699,"Kyle Van Noy",53,"away",24,2017091705,4472,0.4,0,0,0,"away"
"161",2017-09-17 20:08:10,55.55,25.27,1.12,0.12,318.44,NA,2543699,"Kyle Van Noy",53,"away",25,2017091705,4472,0.5,0,0,0,"away"
"162",2017-09-17 20:08:10,55.48,25.36,1.11,0.11,318.62,NA,2543699,"Kyle Van Noy",53,"away",26,2017091705,4472,0.6,0,0,0,"away"
"163",2017-09-17 20:08:10,55.42,25.45,1.1,0.11,318.29,NA,2543699,"Kyle Van Noy",53,"away",27,2017091705,4472,0.7,0,0,0,"away"
"164",2017-09-17 20:08:10,55.34,25.52,1.11,0.1,317.58,NA,2543699,"Kyle Van Noy",53,"away",28,2017091705,4472,0.8,0,0,0,"away"
"165",2017-09-17 20:08:10,55.27,25.59,1.11,0.1,317.76,NA,2543699,"Kyle Van Noy",53,"away",29,2017091705,4472,0.9,0,0,0,"away"
"166",2017-09-17 20:08:11,55.14,25.61,1.1,0.13,317.73,NA,2543699,"Kyle Van Noy",53,"away",30,2017091705,4472,1,0,0,0,"away"
"167",2017-09-17 20:08:11,55.03,25.67,1.09,0.12,317.17,NA,2543699,"Kyle Van Noy",53,"away",31,2017091705,4472,1.1,0,0,0,"away"
"168",2017-09-17 20:08:11,55,25.82,1.09,0.15,317.1,NA,2543699,"Kyle Van Noy",53,"away",32,2017091705,4472,1.2,0,0,0,"away"
"169",2017-09-17 20:08:11,54.93,25.91,1.08,0.11,317.01,NA,2543699,"Kyle Van Noy",53,"away",33,2017091705,4472,1.3,0,0,0,"away"
"170",2017-09-17 20:08:11,54.86,25.99,1.07,0.11,316.84,NA,2543699,"Kyle Van Noy",53,"away",34,2017091705,4472,1.4,0,0,0,"away"
"171",2017-09-17 20:08:08,52.4,25.64,1.03,0.11,346.79,NA,2543868,"Cassius Marsh",55,"away",1,2017091705,4472,-1.9,0,0,0,"away"
"172",2017-09-17 20:08:08,52.39,25.75,1,0.11,346.21,NA,2543868,"Cassius Marsh",55,"away",2,2017091705,4472,-1.8,0,0,0,"away"
"173",2017-09-17 20:08:08,52.36,25.85,0.98,0.11,346.22,NA,2543868,"Cassius Marsh",55,"away",3,2017091705,4472,-1.7,0,0,0,"away"
"174",2017-09-17 20:08:08,52.33,25.94,0.95,0.1,346.22,NA,2543868,"Cassius Marsh",55,"away",4,2017091705,4472,-1.6,0,0,0,"away"
"175",2017-09-17 20:08:08,52.33,26.02,0.92,0.08,346.49,NA,2543868,"Cassius Marsh",55,"away",5,2017091705,4472,-1.5,0,0,0,"away"
"176",2017-09-17 20:08:08,52.34,26.09,0.89,0.07,346.79,NA,2543868,"Cassius Marsh",55,"away",6,2017091705,4472,-1.4,0,0,0,"away"
"177",2017-09-17 20:08:08,52.32,26.15,0.87,0.07,346.97,NA,2543868,"Cassius Marsh",55,"away",7,2017091705,4472,-1.3,0,0,0,"away"
"178",2017-09-17 20:08:08,52.28,26.21,0.84,0.07,345.73,NA,2543868,"Cassius Marsh",55,"away",8,2017091705,4472,-1.2,0,0,0,"away"
"179",2017-09-17 20:08:08,52.23,26.27,0.82,0.07,344.25,NA,2543868,"Cassius Marsh",55,"away",9,2017091705,4472,-1.1,0,0,0,"away"
"180",2017-09-17 20:08:09,52.19,26.32,0.81,0.06,343.5,NA,2543868,"Cassius Marsh",55,"away",10,2017091705,4472,-1,0,0,0,"away"
"181",2017-09-17 20:08:09,52.16,26.39,0.79,0.08,342.79,NA,2543868,"Cassius Marsh",55,"away",11,2017091705,4472,-0.9,0,0,0,"away"
"182",2017-09-17 20:08:09,52.14,26.49,0.77,0.11,342.37,NA,2543868,"Cassius Marsh",55,"away",12,2017091705,4472,-0.8,0,0,0,"away"
"183",2017-09-17 20:08:09,52.13,26.59,0.77,0.1,342.62,NA,2543868,"Cassius Marsh",55,"away",13,2017091705,4472,-0.7,0,0,0,"away"
"184",2017-09-17 20:08:09,52.13,26.68,0.77,0.09,340.67,NA,2543868,"Cassius Marsh",55,"away",14,2017091705,4472,-0.6,0,0,0,"away"
"185",2017-09-17 20:08:09,52.12,26.77,0.77,0.08,337.91,"ball_snap",2543868,"Cassius Marsh",55,"away",15,2017091705,4472,-0.5,0,0,0,"away"
"186",2017-09-17 20:08:09,52.11,26.84,0.77,0.07,336.04,NA,2543868,"Cassius Marsh",55,"away",16,2017091705,4472,-0.4,0,0,0,"away"
"187",2017-09-17 20:08:09,52.06,26.89,0.76,0.08,334.75,NA,2543868,"Cassius Marsh",55,"away",17,2017091705,4472,-0.3,0,0,0,"away"
"188",2017-09-17 20:08:09,52.01,26.96,0.75,0.08,333.68,NA,2543868,"Cassius Marsh",55,"away",18,2017091705,4472,-0.2,0,0,0,"away"
"189",2017-09-17 20:08:09,51.99,27.04,0.74,0.08,332.77,NA,2543868,"Cassius Marsh",55,"away",19,2017091705,4472,-0.1,0,0,0,"away"
"190",2017-09-17 20:08:10,51.96,27.11,0.72,0.08,331.57,"pass_forward",2543868,"Cassius Marsh",55,"away",20,2017091705,4472,0,0,0,0,"away"
"191",2017-09-17 20:08:10,51.94,27.18,0.69,0.07,329.52,NA,2543868,"Cassius Marsh",55,"away",21,2017091705,4472,0.1,0,0,0,"away"
"192",2017-09-17 20:08:10,51.91,27.26,0.66,0.09,327.38,NA,2543868,"Cassius Marsh",55,"away",22,2017091705,4472,0.2,0,0,0,"away"
"193",2017-09-17 20:08:10,51.88,27.33,0.64,0.08,324.77,NA,2543868,"Cassius Marsh",55,"away",23,2017091705,4472,0.3,0,0,0,"away"
"194",2017-09-17 20:08:10,51.82,27.38,0.59,0.07,321.25,"pass_outcome_incomplete",2543868,"Cassius Marsh",55,"away",24,2017091705,4472,0.4,0,0,0,"away"
"195",2017-09-17 20:08:10,51.75,27.42,0.55,0.07,319.22,NA,2543868,"Cassius Marsh",55,"away",25,2017091705,4472,0.5,0,0,0,"away"
"196",2017-09-17 20:08:10,51.7,27.44,0.49,0.06,320.7,NA,2543868,"Cassius Marsh",55,"away",26,2017091705,4472,0.6,0,0,0,"away"
"197",2017-09-17 20:08:10,51.64,27.47,0.43,0.06,322.01,NA,2543868,"Cassius Marsh",55,"away",27,2017091705,4472,0.7,0,0,0,"away"
"198",2017-09-17 20:08:10,51.59,27.5,0.37,0.06,322.49,NA,2543868,"Cassius Marsh",55,"away",28,2017091705,4472,0.8,0,0,0,"away"
"199",2017-09-17 20:08:10,51.55,27.53,0.3,0.05,323.51,NA,2543868,"Cassius Marsh",55,"away",29,2017091705,4472,0.9,0,0,0,"away"
"200",2017-09-17 20:08:11,51.51,27.56,0.25,0.05,324.15,NA,2543868,"Cassius Marsh",55,"away",30,2017091705,4472,1,0,0,0,"away"
"201",2017-09-17 20:08:11,51.49,27.6,0.2,0.05,323.23,NA,2543868,"Cassius Marsh",55,"away",31,2017091705,4472,1.1,0,0,0,"away"
"202",2017-09-17 20:08:11,51.47,27.63,0.16,0.03,320.08,NA,2543868,"Cassius Marsh",55,"away",32,2017091705,4472,1.2,0,0,0,"away"
"203",2017-09-17 20:08:11,51.46,27.6,0.12,0.03,320.05,NA,2543868,"Cassius Marsh",55,"away",33,2017091705,4472,1.3,0,0,0,"away"
"204",2017-09-17 20:08:11,51.47,27.58,0.07,0.02,327.11,NA,2543868,"Cassius Marsh",55,"away",34,2017091705,4472,1.4,0,0,0,"away"
"205",2017-09-17 20:08:08,62.06,40.26,2.67,0.26,47.07,NA,2550613,"Malcolm Butler",21,"away",1,2017091705,4472,-1.9,0,0,0,"away"
"206",2017-09-17 20:08:08,62.28,40.45,2.75,0.3,49.43,NA,2550613,"Malcolm Butler",21,"away",2,2017091705,4472,-1.8,0,0,0,"away"
"207",2017-09-17 20:08:08,62.53,40.63,2.82,0.31,51.89,NA,2550613,"Malcolm Butler",21,"away",3,2017091705,4472,-1.7,0,0,0,"away"
"208",2017-09-17 20:08:08,62.78,40.8,2.89,0.3,54.2,NA,2550613,"Malcolm Butler",21,"away",4,2017091705,4472,-1.6,0,0,0,"away"
"209",2017-09-17 20:08:08,63.03,40.97,2.96,0.31,56.17,NA,2550613,"Malcolm Butler",21,"away",5,2017091705,4472,-1.5,0,0,0,"away"
"210",2017-09-17 20:08:08,63.31,41.13,3.02,0.32,57.78,NA,2550613,"Malcolm Butler",21,"away",6,2017091705,4472,-1.4,0,0,0,"away"
"211",2017-09-17 20:08:08,63.58,41.29,3.07,0.32,59.06,NA,2550613,"Malcolm Butler",21,"away",7,2017091705,4472,-1.3,0,0,0,"away"
"212",2017-09-17 20:08:08,63.85,41.43,3.11,0.31,60.36,NA,2550613,"Malcolm Butler",21,"away",8,2017091705,4472,-1.2,0,0,0,"away"
"213",2017-09-17 20:08:08,64.14,41.59,3.15,0.33,61.55,NA,2550613,"Malcolm Butler",21,"away",9,2017091705,4472,-1.1,0,0,0,"away"
"214",2017-09-17 20:08:09,64.44,41.76,3.18,0.34,62.65,NA,2550613,"Malcolm Butler",21,"away",10,2017091705,4472,-1,0,0,0,"away"
"215",2017-09-17 20:08:09,64.76,41.89,3.19,0.34,63.52,NA,2550613,"Malcolm Butler",21,"away",11,2017091705,4472,-0.9,0,0,0,"away"
"216",2017-09-17 20:08:09,65.08,42.01,3.19,0.34,64.07,NA,2550613,"Malcolm Butler",21,"away",12,2017091705,4472,-0.8,0,0,0,"away"
"217",2017-09-17 20:08:09,65.39,42.12,3.18,0.33,64.45,NA,2550613,"Malcolm Butler",21,"away",13,2017091705,4472,-0.7,0,0,0,"away"
"218",2017-09-17 20:08:09,65.69,42.25,3.16,0.33,64.64,NA,2550613,"Malcolm Butler",21,"away",14,2017091705,4472,-0.6,0,0,0,"away"
"219",2017-09-17 20:08:09,65.99,42.38,3.13,0.33,64.48,"ball_snap",2550613,"Malcolm Butler",21,"away",15,2017091705,4472,-0.5,0,0,0,"away"
"220",2017-09-17 20:08:09,66.28,42.5,3.1,0.32,64.2,NA,2550613,"Malcolm Butler",21,"away",16,2017091705,4472,-0.4,0,0,0,"away"
"221",2017-09-17 20:08:09,66.58,42.63,3.06,0.32,63.99,NA,2550613,"Malcolm Butler",21,"away",17,2017091705,4472,-0.3,0,0,0,"away"
"222",2017-09-17 20:08:09,66.86,42.76,3.01,0.31,63.76,NA,2550613,"Malcolm Butler",21,"away",18,2017091705,4472,-0.2,0,0,0,"away"
"223",2017-09-17 20:08:09,67.14,42.89,2.94,0.31,63.4,NA,2550613,"Malcolm Butler",21,"away",19,2017091705,4472,-0.1,0,0,0,"away"
"224",2017-09-17 20:08:10,67.42,43.01,2.87,0.3,62.6,"pass_forward",2550613,"Malcolm Butler",21,"away",20,2017091705,4472,0,0,0,0,"away"
"225",2017-09-17 20:08:10,67.69,43.14,2.78,0.3,61.53,NA,2550613,"Malcolm Butler",21,"away",21,2017091705,4472,0.1,0,0,0,"away"
"226",2017-09-17 20:08:10,67.94,43.27,2.69,0.28,60.55,NA,2550613,"Malcolm Butler",21,"away",22,2017091705,4472,0.2,0,0,0,"away"
"227",2017-09-17 20:08:10,68.17,43.4,2.61,0.26,59.58,NA,2550613,"Malcolm Butler",21,"away",23,2017091705,4472,0.3,0,0,0,"away"
"228",2017-09-17 20:08:10,68.39,43.56,2.51,0.27,58.65,"pass_outcome_incomplete",2550613,"Malcolm Butler",21,"away",24,2017091705,4472,0.4,0,0,0,"away"
"229",2017-09-17 20:08:10,68.6,43.71,2.42,0.26,57.77,NA,2550613,"Malcolm Butler",21,"away",25,2017091705,4472,0.5,0,0,0,"away"
"230",2017-09-17 20:08:10,68.8,43.85,2.32,0.25,57.06,NA,2550613,"Malcolm Butler",21,"away",26,2017091705,4472,0.6,0,0,0,"away"
"231",2017-09-17 20:08:10,69,43.98,2.22,0.24,56.62,NA,2550613,"Malcolm Butler",21,"away",27,2017091705,4472,0.7,0,0,0,"away"
"232",2017-09-17 20:08:10,69.18,44.13,2.11,0.23,55.84,NA,2550613,"Malcolm Butler",21,"away",28,2017091705,4472,0.8,0,0,0,"away"
"233",2017-09-17 20:08:10,69.34,44.27,1.99,0.22,54.83,NA,2550613,"Malcolm Butler",21,"away",29,2017091705,4472,0.9,0,0,0,"away"
"234",2017-09-17 20:08:11,69.47,44.39,1.88,0.18,54.14,NA,2550613,"Malcolm Butler",21,"away",30,2017091705,4472,1,0,0,0,"away"
"235",2017-09-17 20:08:11,69.61,44.51,1.77,0.18,53.48,NA,2550613,"Malcolm Butler",21,"away",31,2017091705,4472,1.1,0,0,0,"away"
"236",2017-09-17 20:08:11,69.73,44.62,1.68,0.17,53.38,NA,2550613,"Malcolm Butler",21,"away",32,2017091705,4472,1.2,0,0,0,"away"
"237",2017-09-17 20:08:11,69.85,44.73,1.57,0.16,53.65,NA,2550613,"Malcolm Butler",21,"away",33,2017091705,4472,1.3,0,0,0,"away"
"238",2017-09-17 20:08:11,69.97,44.83,1.47,0.15,53.98,NA,2550613,"Malcolm Butler",21,"away",34,2017091705,4472,1.4,0,0,0,"away"
"239",2017-09-17 20:08:08,55.72,23.45,0.81,0.08,91.2,NA,2552392,"Jordan Richards",37,"away",1,2017091705,4472,-1.9,0,0,0,"away"
"240",2017-09-17 20:08:08,55.79,23.46,0.72,0.07,76.88,NA,2552392,"Jordan Richards",37,"away",2,2017091705,4472,-1.8,0,0,0,"away"
"241",2017-09-17 20:08:08,55.84,23.5,0.68,0.07,60.26,NA,2552392,"Jordan Richards",37,"away",3,2017091705,4472,-1.7,0,0,0,"away"
"242",2017-09-17 20:08:08,55.87,23.57,0.71,0.08,44.47,NA,2552392,"Jordan Richards",37,"away",4,2017091705,4472,-1.6,0,0,0,"away"
"243",2017-09-17 20:08:08,55.9,23.67,0.78,0.11,32.5,NA,2552392,"Jordan Richards",37,"away",5,2017091705,4472,-1.5,0,0,0,"away"
"244",2017-09-17 20:08:08,55.91,23.8,0.88,0.13,25.49,NA,2552392,"Jordan Richards",37,"away",6,2017091705,4472,-1.4,0,0,0,"away"
"245",2017-09-17 20:08:08,55.93,23.93,0.96,0.13,21.88,NA,2552392,"Jordan Richards",37,"away",7,2017091705,4472,-1.3,0,0,0,"away"
"246",2017-09-17 20:08:08,55.95,24.08,1.02,0.16,20.22,NA,2552392,"Jordan Richards",37,"away",8,2017091705,4472,-1.2,0,0,0,"away"
"247",2017-09-17 20:08:08,55.95,24.24,1.07,0.15,19.41,NA,2552392,"Jordan Richards",37,"away",9,2017091705,4472,-1.1,0,0,0,"away"
"248",2017-09-17 20:08:09,55.94,24.39,1.09,0.15,19.99,NA,2552392,"Jordan Richards",37,"away",10,2017091705,4472,-1,0,0,0,"away"
"249",2017-09-17 20:08:09,55.93,24.56,1.08,0.16,22.3,NA,2552392,"Jordan Richards",37,"away",11,2017091705,4472,-0.9,0,0,0,"away"
"250",2017-09-17 20:08:09,55.92,24.71,1.07,0.16,26.03,NA,2552392,"Jordan Richards",37,"away",12,2017091705,4472,-0.8,0,0,0,"away"
"251",2017-09-17 20:08:09,55.93,24.86,1.03,0.15,31.89,NA,2552392,"Jordan Richards",37,"away",13,2017091705,4472,-0.7,0,0,0,"away"
"252",2017-09-17 20:08:09,55.96,25,0.97,0.14,39.74,NA,2552392,"Jordan Richards",37,"away",14,2017091705,4472,-0.6,0,0,0,"away"
"253",2017-09-17 20:08:09,56.02,25.12,0.93,0.13,49.57,"ball_snap",2552392,"Jordan Richards",37,"away",15,2017091705,4472,-0.5,0,0,0,"away"
"254",2017-09-17 20:08:09,56.1,25.19,0.9,0.11,60.63,NA,2552392,"Jordan Richards",37,"away",16,2017091705,4472,-0.4,0,0,0,"away"
"255",2017-09-17 20:08:09,56.19,25.24,0.89,0.1,72.82,NA,2552392,"Jordan Richards",37,"away",17,2017091705,4472,-0.3,0,0,0,"away"
"256",2017-09-17 20:08:09,56.28,25.28,0.91,0.1,85.03,NA,2552392,"Jordan Richards",37,"away",18,2017091705,4472,-0.2,0,0,0,"away"
"257",2017-09-17 20:08:09,56.38,25.29,1,0.11,95.73,NA,2552392,"Jordan Richards",37,"away",19,2017091705,4472,-0.1,0,0,0,"away"
"258",2017-09-17 20:08:10,56.53,25.27,1.09,0.14,105.1,"pass_forward",2552392,"Jordan Richards",37,"away",20,2017091705,4472,0,0,0,0,"away"
"259",2017-09-17 20:08:10,56.68,25.22,1.19,0.16,113.13,NA,2552392,"Jordan Richards",37,"away",21,2017091705,4472,0.1,0,0,0,"away"
"260",2017-09-17 20:08:10,56.85,25.14,1.31,0.19,119.82,NA,2552392,"Jordan Richards",37,"away",22,2017091705,4472,0.2,0,0,0,"away"
"261",2017-09-17 20:08:10,57.02,25.02,1.43,0.21,125.4,NA,2552392,"Jordan Richards",37,"away",23,2017091705,4472,0.3,0,0,0,"away"
"262",2017-09-17 20:08:10,57.18,24.88,1.52,0.22,130.38,"pass_outcome_incomplete",2552392,"Jordan Richards",37,"away",24,2017091705,4472,0.4,0,0,0,"away"
"263",2017-09-17 20:08:10,57.33,24.72,1.59,0.22,134.54,NA,2552392,"Jordan Richards",37,"away",25,2017091705,4472,0.5,0,0,0,"away"
"264",2017-09-17 20:08:10,57.46,24.55,1.66,0.21,138.05,NA,2552392,"Jordan Richards",37,"away",26,2017091705,4472,0.6,0,0,0,"away"
"265",2017-09-17 20:08:10,57.58,24.38,1.72,0.21,141.11,NA,2552392,"Jordan Richards",37,"away",27,2017091705,4472,0.7,0,0,0,"away"
"266",2017-09-17 20:08:10,57.72,24.21,1.77,0.22,143.93,NA,2552392,"Jordan Richards",37,"away",28,2017091705,4472,0.8,0,0,0,"away"
"267",2017-09-17 20:08:10,57.82,24.05,1.8,0.19,146.7,NA,2552392,"Jordan Richards",37,"away",29,2017091705,4472,0.9,0,0,0,"away"
"268",2017-09-17 20:08:11,57.9,23.87,1.81,0.19,149.65,NA,2552392,"Jordan Richards",37,"away",30,2017091705,4472,1,0,0,0,"away"
"269",2017-09-17 20:08:11,57.98,23.69,1.8,0.2,152.13,NA,2552392,"Jordan Richards",37,"away",31,2017091705,4472,1.1,0,0,0,"away"
"270",2017-09-17 20:08:11,58.05,23.51,1.78,0.19,154.24,NA,2552392,"Jordan Richards",37,"away",32,2017091705,4472,1.2,0,0,0,"away"
"271",2017-09-17 20:08:11,58.1,23.35,1.74,0.17,156.29,NA,2552392,"Jordan Richards",37,"away",33,2017091705,4472,1.3,0,0,0,"away"
"272",2017-09-17 20:08:11,58.14,23.19,1.7,0.17,158.33,NA,2552392,"Jordan Richards",37,"away",34,2017091705,4472,1.4,0,0,0,"away"
"273",2017-09-17 20:08:08,56.85,34.23,1.91,0.2,354.92,NA,2556571,"Jonathan Jones",31,"away",1,2017091705,4472,-1.9,0,0,0,"away"
"274",2017-09-17 20:08:08,56.85,34.43,1.83,0.2,354.27,NA,2556571,"Jonathan Jones",31,"away",2,2017091705,4472,-1.8,0,0,0,"away"
"275",2017-09-17 20:08:08,56.84,34.61,1.74,0.18,353.49,NA,2556571,"Jonathan Jones",31,"away",3,2017091705,4472,-1.7,0,0,0,"away"
"276",2017-09-17 20:08:08,56.83,34.78,1.64,0.18,352.4,NA,2556571,"Jonathan Jones",31,"away",4,2017091705,4472,-1.6,0,0,0,"away"
"277",2017-09-17 20:08:08,56.81,34.94,1.54,0.16,350.93,NA,2556571,"Jonathan Jones",31,"away",5,2017091705,4472,-1.5,0,0,0,"away"
"278",2017-09-17 20:08:08,56.79,35.08,1.43,0.15,349.34,NA,2556571,"Jonathan Jones",31,"away",6,2017091705,4472,-1.4,0,0,0,"away"
"279",2017-09-17 20:08:08,56.75,35.22,1.34,0.14,347.63,NA,2556571,"Jonathan Jones",31,"away",7,2017091705,4472,-1.3,0,0,0,"away"
"280",2017-09-17 20:08:08,56.7,35.34,1.25,0.14,346.16,NA,2556571,"Jonathan Jones",31,"away",8,2017091705,4472,-1.2,0,0,0,"away"
"281",2017-09-17 20:08:08,56.66,35.47,1.16,0.13,344.52,NA,2556571,"Jonathan Jones",31,"away",9,2017091705,4472,-1.1,0,0,0,"away"
"282",2017-09-17 20:08:09,56.62,35.58,1.06,0.12,342.8,NA,2556571,"Jonathan Jones",31,"away",10,2017091705,4472,-1,0,0,0,"away"
"283",2017-09-17 20:08:09,56.58,35.68,0.95,0.11,340.95,NA,2556571,"Jonathan Jones",31,"away",11,2017091705,4472,-0.9,0,0,0,"away"
"284",2017-09-17 20:08:09,56.53,35.77,0.85,0.1,338.67,NA,2556571,"Jonathan Jones",31,"away",12,2017091705,4472,-0.8,0,0,0,"away"
"285",2017-09-17 20:08:09,56.48,35.82,0.75,0.08,336.11,NA,2556571,"Jonathan Jones",31,"away",13,2017091705,4472,-0.7,0,0,0,"away"
"286",2017-09-17 20:08:09,56.43,35.88,0.66,0.07,333.32,NA,2556571,"Jonathan Jones",31,"away",14,2017091705,4472,-0.6,0,0,0,"away"
"287",2017-09-17 20:08:09,56.39,35.92,0.58,0.06,330.61,"ball_snap",2556571,"Jonathan Jones",31,"away",15,2017091705,4472,-0.5,0,0,0,"away"
"288",2017-09-17 20:08:09,56.35,35.96,0.49,0.06,328.69,NA,2556571,"Jonathan Jones",31,"away",16,2017091705,4472,-0.4,0,0,0,"away"
"289",2017-09-17 20:08:09,56.31,36,0.41,0.05,326.82,NA,2556571,"Jonathan Jones",31,"away",17,2017091705,4472,-0.3,0,0,0,"away"
"290",2017-09-17 20:08:09,56.29,36.04,0.33,0.04,323.61,NA,2556571,"Jonathan Jones",31,"away",18,2017091705,4472,-0.2,0,0,0,"away"
"291",2017-09-17 20:08:09,56.29,36.04,0.24,0.01,320.54,NA,2556571,"Jonathan Jones",31,"away",19,2017091705,4472,-0.1,0,0,0,"away"
"292",2017-09-17 20:08:10,56.29,36.04,0.16,0,316.24,"pass_forward",2556571,"Jonathan Jones",31,"away",20,2017091705,4472,0,0,0,0,"away"
"293",2017-09-17 20:08:10,56.29,36.03,0.08,0.02,308.17,NA,2556571,"Jonathan Jones",31,"away",21,2017091705,4472,0.1,0,0,0,"away"
"294",2017-09-17 20:08:10,56.29,36.01,0.03,0.01,271.53,NA,2556571,"Jonathan Jones",31,"away",22,2017091705,4472,0.2,0,0,0,"away"
"295",2017-09-17 20:08:10,56.28,36,0.05,0.01,172.64,NA,2556571,"Jonathan Jones",31,"away",23,2017091705,4472,0.3,0,0,0,"away"
"296",2017-09-17 20:08:10,56.28,35.99,0.11,0.01,156.33,"pass_outcome_incomplete",2556571,"Jonathan Jones",31,"away",24,2017091705,4472,0.4,0,0,0,"away"
"297",2017-09-17 20:08:10,56.28,35.98,0.17,0.02,151.67,NA,2556571,"Jonathan Jones",31,"away",25,2017091705,4472,0.5,0,0,0,"away"
"298",2017-09-17 20:08:10,56.3,35.96,0.22,0.02,150.67,NA,2556571,"Jonathan Jones",31,"away",26,2017091705,4472,0.6,0,0,0,"away"
"299",2017-09-17 20:08:10,56.31,35.94,0.27,0.03,152.57,NA,2556571,"Jonathan Jones",31,"away",27,2017091705,4472,0.7,0,0,0,"away"
"300",2017-09-17 20:08:10,56.34,35.91,0.31,0.04,154.61,NA,2556571,"Jonathan Jones",31,"away",28,2017091705,4472,0.8,0,0,0,"away"
"301",2017-09-17 20:08:10,56.38,35.89,0.34,0.05,156.83,NA,2556571,"Jonathan Jones",31,"away",29,2017091705,4472,0.9,0,0,0,"away"
"302",2017-09-17 20:08:11,56.41,35.86,0.36,0.04,157.13,NA,2556571,"Jonathan Jones",31,"away",30,2017091705,4472,1,0,0,0,"away"
"303",2017-09-17 20:08:11,56.43,35.82,0.39,0.04,157.23,NA,2556571,"Jonathan Jones",31,"away",31,2017091705,4472,1.1,0,0,0,"away"
"304",2017-09-17 20:08:11,56.44,35.78,0.43,0.04,157.02,NA,2556571,"Jonathan Jones",31,"away",32,2017091705,4472,1.2,0,0,0,"away"
"305",2017-09-17 20:08:11,56.47,35.74,0.46,0.05,156.58,NA,2556571,"Jonathan Jones",31,"away",33,2017091705,4472,1.3,0,0,0,"away"
"306",2017-09-17 20:08:11,56.49,35.7,0.49,0.05,156.03,NA,2556571,"Jonathan Jones",31,"away",34,2017091705,4472,1.4,0,0,0,"away"
"307",2017-09-17 20:08:08,52.19,23.28,0.05,0.01,332.28,NA,2558924,"Adam Butler",70,"away",1,2017091705,4472,-1.9,0,0,0,"away"
"308",2017-09-17 20:08:08,52.18,23.29,0.05,0,332.58,NA,2558924,"Adam Butler",70,"away",2,2017091705,4472,-1.8,0,0,0,"away"
"309",2017-09-17 20:08:08,52.18,23.29,0.05,0,331.33,NA,2558924,"Adam Butler",70,"away",3,2017091705,4472,-1.7,0,0,0,"away"
"310",2017-09-17 20:08:08,52.18,23.3,0.06,0,330.08,NA,2558924,"Adam Butler",70,"away",4,2017091705,4472,-1.6,0,0,0,"away"
"311",2017-09-17 20:08:08,52.18,23.3,0.08,0.01,331.33,NA,2558924,"Adam Butler",70,"away",5,2017091705,4472,-1.5,0,0,0,"away"
"312",2017-09-17 20:08:08,52.18,23.31,0.13,0.01,333.96,NA,2558924,"Adam Butler",70,"away",6,2017091705,4472,-1.4,0,0,0,"away"
"313",2017-09-17 20:08:08,52.18,23.31,0.19,0.01,334.59,NA,2558924,"Adam Butler",70,"away",7,2017091705,4472,-1.3,0,0,0,"away"
"314",2017-09-17 20:08:08,52.17,23.32,0.23,0.01,332.34,NA,2558924,"Adam Butler",70,"away",8,2017091705,4472,-1.2,0,0,0,"away"
"315",2017-09-17 20:08:08,52.17,23.32,0.24,0.01,331.27,NA,2558924,"Adam Butler",70,"away",9,2017091705,4472,-1.1,0,0,0,"away"
"316",2017-09-17 20:08:09,52.17,23.33,0.24,0.01,328.29,NA,2558924,"Adam Butler",70,"away",10,2017091705,4472,-1,0,0,0,"away"
"317",2017-09-17 20:08:09,52.17,23.34,0.25,0.01,325.36,NA,2558924,"Adam Butler",70,"away",11,2017091705,4472,-0.9,0,0,0,"away"
"318",2017-09-17 20:08:09,52.16,23.34,0.26,0.01,324.09,NA,2558924,"Adam Butler",70,"away",12,2017091705,4472,-0.8,0,0,0,"away"
"319",2017-09-17 20:08:09,52.16,23.36,0.28,0.01,324.22,NA,2558924,"Adam Butler",70,"away",13,2017091705,4472,-0.7,0,0,0,"away"
"320",2017-09-17 20:08:09,52.14,23.39,0.3,0.04,326.36,NA,2558924,"Adam Butler",70,"away",14,2017091705,4472,-0.6,0,0,0,"away"
"321",2017-09-17 20:08:09,52.1,23.48,0.32,0.1,326.53,"ball_snap",2558924,"Adam Butler",70,"away",15,2017091705,4472,-0.5,0,0,0,"away"
"322",2017-09-17 20:08:09,52.05,23.58,0.36,0.11,324.88,NA,2558924,"Adam Butler",70,"away",16,2017091705,4472,-0.4,0,0,0,"away"
"323",2017-09-17 20:08:09,52,23.65,0.39,0.08,322.2,NA,2558924,"Adam Butler",70,"away",17,2017091705,4472,-0.3,0,0,0,"away"
"324",2017-09-17 20:08:09,51.98,23.66,0.41,0.02,321.79,NA,2558924,"Adam Butler",70,"away",18,2017091705,4472,-0.2,0,0,0,"away"
"325",2017-09-17 20:08:09,51.96,23.66,0.43,0.03,322.08,NA,2558924,"Adam Butler",70,"away",19,2017091705,4472,-0.1,0,0,0,"away"
"326",2017-09-17 20:08:10,51.93,23.65,0.45,0.02,322.9,"pass_forward",2558924,"Adam Butler",70,"away",20,2017091705,4472,0,0,0,0,"away"
"327",2017-09-17 20:08:10,51.91,23.67,0.47,0.03,323.4,NA,2558924,"Adam Butler",70,"away",21,2017091705,4472,0.1,0,0,0,"away"
"328",2017-09-17 20:08:10,51.88,23.71,0.46,0.04,322.02,NA,2558924,"Adam Butler",70,"away",22,2017091705,4472,0.2,0,0,0,"away"
"329",2017-09-17 20:08:10,51.88,23.75,0.43,0.05,318.94,NA,2558924,"Adam Butler",70,"away",23,2017091705,4472,0.3,0,0,0,"away"
"330",2017-09-17 20:08:10,51.86,23.79,0.37,0.05,314.09,"pass_outcome_incomplete",2558924,"Adam Butler",70,"away",24,2017091705,4472,0.4,0,0,0,"away"
"331",2017-09-17 20:08:10,51.81,23.84,0.3,0.07,307.2,NA,2558924,"Adam Butler",70,"away",25,2017091705,4472,0.5,0,0,0,"away"
"332",2017-09-17 20:08:10,51.74,23.87,0.23,0.07,303.04,NA,2558924,"Adam Butler",70,"away",26,2017091705,4472,0.6,0,0,0,"away"
"333",2017-09-17 20:08:10,51.72,23.9,0.2,0.04,303.15,NA,2558924,"Adam Butler",70,"away",27,2017091705,4472,0.7,0,0,0,"away"
"334",2017-09-17 20:08:10,51.69,23.94,0.19,0.05,308.36,NA,2558924,"Adam Butler",70,"away",28,2017091705,4472,0.8,0,0,0,"away"
"335",2017-09-17 20:08:10,51.68,23.99,0.18,0.05,314.9,NA,2558924,"Adam Butler",70,"away",29,2017091705,4472,0.9,0,0,0,"away"
"336",2017-09-17 20:08:11,51.66,24.02,0.14,0.04,320.79,NA,2558924,"Adam Butler",70,"away",30,2017091705,4472,1,0,0,0,"away"
"337",2017-09-17 20:08:11,51.65,24.01,0.09,0.02,330.3,NA,2558924,"Adam Butler",70,"away",31,2017091705,4472,1.1,0,0,0,"away"
"338",2017-09-17 20:08:11,51.63,23.98,0.04,0.04,343.72,NA,2558924,"Adam Butler",70,"away",32,2017091705,4472,1.2,0,0,0,"away"
"339",2017-09-17 20:08:11,51.62,23.94,0.04,0.03,66.02,NA,2558924,"Adam Butler",70,"away",33,2017091705,4472,1.3,0,0,0,"away"
"340",2017-09-17 20:08:11,51.62,23.91,0.08,0.04,107.09,NA,2558924,"Adam Butler",70,"away",34,2017091705,4472,1.4,0,0,0,"away"
"341",2017-09-17 20:08:08,52.1,19.12,0.51,0.02,359.53,NA,2558963,"Harvey Langi",48,"away",1,2017091705,4472,-1.9,0,0,0,"away"
"342",2017-09-17 20:08:08,52.1,19.14,0.53,0.02,357.6,NA,2558963,"Harvey Langi",48,"away",2,2017091705,4472,-1.8,0,0,0,"away"
"343",2017-09-17 20:08:08,52.09,19.15,0.54,0.02,355.62,NA,2558963,"Harvey Langi",48,"away",3,2017091705,4472,-1.7,0,0,0,"away"
"344",2017-09-17 20:08:08,52.09,19.18,0.58,0.02,354.15,NA,2558963,"Harvey Langi",48,"away",4,2017091705,4472,-1.6,0,0,0,"away"
"345",2017-09-17 20:08:08,52.11,19.2,0.62,0.03,353.6,NA,2558963,"Harvey Langi",48,"away",5,2017091705,4472,-1.5,0,0,0,"away"
"346",2017-09-17 20:08:08,52.13,19.2,0.69,0.02,353.9,NA,2558963,"Harvey Langi",48,"away",6,2017091705,4472,-1.4,0,0,0,"away"
"347",2017-09-17 20:08:08,52.15,19.19,0.78,0.02,355.56,NA,2558963,"Harvey Langi",48,"away",7,2017091705,4472,-1.3,0,0,0,"away"
"348",2017-09-17 20:08:08,52.16,19.2,0.88,0.01,356.6,NA,2558963,"Harvey Langi",48,"away",8,2017091705,4472,-1.2,0,0,0,"away"
"349",2017-09-17 20:08:08,52.13,19.32,0.98,0.11,357.23,NA,2558963,"Harvey Langi",48,"away",9,2017091705,4472,-1.1,0,0,0,"away"
"350",2017-09-17 20:08:09,52.11,19.5,1.01,0.18,357.91,NA,2558963,"Harvey Langi",48,"away",10,2017091705,4472,-1,0,0,0,"away"
"351",2017-09-17 20:08:09,52.09,19.63,1.08,0.14,357.91,NA,2558963,"Harvey Langi",48,"away",11,2017091705,4472,-0.9,0,0,0,"away"
"352",2017-09-17 20:08:09,52.07,19.75,1.13,0.12,357.75,NA,2558963,"Harvey Langi",48,"away",12,2017091705,4472,-0.8,0,0,0,"away"
"353",2017-09-17 20:08:09,52.02,19.9,1.19,0.16,358.03,NA,2558963,"Harvey Langi",48,"away",13,2017091705,4472,-0.7,0,0,0,"away"
"354",2017-09-17 20:08:09,52,20.06,1.17,0.16,356.83,NA,2558963,"Harvey Langi",48,"away",14,2017091705,4472,-0.6,0,0,0,"away"
"355",2017-09-17 20:08:09,51.99,20.23,1.21,0.17,356.99,"ball_snap",2558963,"Harvey Langi",48,"away",15,2017091705,4472,-0.5,0,0,0,"away"
"356",2017-09-17 20:08:09,52,20.44,1.24,0.21,356.26,NA,2558963,"Harvey Langi",48,"away",16,2017091705,4472,-0.4,0,0,0,"away"
"357",2017-09-17 20:08:09,52,20.65,1.24,0.21,355.48,NA,2558963,"Harvey Langi",48,"away",17,2017091705,4472,-0.3,0,0,0,"away"
"358",2017-09-17 20:08:09,52.01,20.87,1.18,0.22,355,NA,2558963,"Harvey Langi",48,"away",18,2017091705,4472,-0.2,0,0,0,"away"
"359",2017-09-17 20:08:09,52.03,20.94,1.08,0.07,354.72,NA,2558963,"Harvey Langi",48,"away",19,2017091705,4472,-0.1,0,0,0,"away"
"360",2017-09-17 20:08:10,52.03,21.08,1.01,0.14,353.97,"pass_forward",2558963,"Harvey Langi",48,"away",20,2017091705,4472,0,0,0,0,"away"
"361",2017-09-17 20:08:10,52.01,21.19,0.94,0.11,353.51,NA,2558963,"Harvey Langi",48,"away",21,2017091705,4472,0.1,0,0,0,"away"
"362",2017-09-17 20:08:10,52.02,21.31,0.84,0.12,353.05,NA,2558963,"Harvey Langi",48,"away",22,2017091705,4472,0.2,0,0,0,"away"
"363",2017-09-17 20:08:10,51.99,21.3,0.74,0.03,351.98,NA,2558963,"Harvey Langi",48,"away",23,2017091705,4472,0.3,0,0,0,"away"
"364",2017-09-17 20:08:10,52.02,21.38,0.63,0.08,350.05,"pass_outcome_incomplete",2558963,"Harvey Langi",48,"away",24,2017091705,4472,0.4,0,0,0,"away"
"365",2017-09-17 20:08:10,52.01,21.42,0.51,0.04,346.51,NA,2558963,"Harvey Langi",48,"away",25,2017091705,4472,0.5,0,0,0,"away"
"366",2017-09-17 20:08:10,51.98,21.43,0.39,0.03,343.22,NA,2558963,"Harvey Langi",48,"away",26,2017091705,4472,0.6,0,0,0,"away"
"367",2017-09-17 20:08:10,51.95,21.42,0.28,0.03,337.47,NA,2558963,"Harvey Langi",48,"away",27,2017091705,4472,0.7,0,0,0,"away"
"368",2017-09-17 20:08:10,51.93,21.43,0.25,0.03,333.93,NA,2558963,"Harvey Langi",48,"away",28,2017091705,4472,0.8,0,0,0,"away"
"369",2017-09-17 20:08:10,51.9,21.44,0.18,0.02,328.04,NA,2558963,"Harvey Langi",48,"away",29,2017091705,4472,0.9,0,0,0,"away"
"370",2017-09-17 20:08:11,51.88,21.43,0.12,0.03,327.98,NA,2558963,"Harvey Langi",48,"away",30,2017091705,4472,1,0,0,0,"away"
"371",2017-09-17 20:08:11,51.84,21.41,0.07,0.05,313.04,NA,2558963,"Harvey Langi",48,"away",31,2017091705,4472,1.1,0,0,0,"away"
"372",2017-09-17 20:08:11,51.81,21.38,0.06,0.04,336.82,NA,2558963,"Harvey Langi",48,"away",32,2017091705,4472,1.2,0,0,0,"away"
"373",2017-09-17 20:08:11,51.8,21.35,0.03,0.04,302.71,NA,2558963,"Harvey Langi",48,"away",33,2017091705,4472,1.3,0,0,0,"away"
"374",2017-09-17 20:08:11,51.79,21.33,0.01,0.02,241.56,NA,2558963,"Harvey Langi",48,"away",34,2017091705,4472,1.4,0,0,0,"away"
"375",2017-09-17 20:08:08,50.56,23.4,0.22,0.04,31.21,NA,71493,"Max Unger",60,"home",1,2017091705,4472,-1.9,0,0,0,"home"
"376",2017-09-17 20:08:08,50.55,23.36,0.16,0.04,36.27,NA,71493,"Max Unger",60,"home",2,2017091705,4472,-1.8,0,0,0,"home"
"377",2017-09-17 20:08:08,50.54,23.33,0.13,0.03,7.35,NA,71493,"Max Unger",60,"home",3,2017091705,4472,-1.7,0,0,0,"home"
"378",2017-09-17 20:08:08,50.52,23.31,0.12,0.02,331.54,NA,71493,"Max Unger",60,"home",4,2017091705,4472,-1.6,0,0,0,"home"
"379",2017-09-17 20:08:08,50.51,23.3,0.11,0.02,321.85,NA,71493,"Max Unger",60,"home",5,2017091705,4472,-1.5,0,0,0,"home"
"380",2017-09-17 20:08:08,50.49,23.28,0.09,0.03,326.48,NA,71493,"Max Unger",60,"home",6,2017091705,4472,-1.4,0,0,0,"home"
"381",2017-09-17 20:08:08,50.47,23.28,0.06,0.02,307.33,NA,71493,"Max Unger",60,"home",7,2017091705,4472,-1.3,0,0,0,"home"
"382",2017-09-17 20:08:08,50.47,23.33,0.03,0.05,225.82,NA,71493,"Max Unger",60,"home",8,2017091705,4472,-1.2,0,0,0,"home"
"383",2017-09-17 20:08:08,50.51,23.47,0.04,0.15,270.04,NA,71493,"Max Unger",60,"home",9,2017091705,4472,-1.1,0,0,0,"home"
"384",2017-09-17 20:08:09,50.53,23.56,0.06,0.09,314.94,NA,71493,"Max Unger",60,"home",10,2017091705,4472,-1,0,0,0,"home"
"385",2017-09-17 20:08:09,50.5,23.52,0.1,0.05,342.68,NA,71493,"Max Unger",60,"home",11,2017091705,4472,-0.9,0,0,0,"home"
"386",2017-09-17 20:08:09,50.48,23.45,0.15,0.07,357.28,NA,71493,"Max Unger",60,"home",12,2017091705,4472,-0.8,0,0,0,"home"
"387",2017-09-17 20:08:09,50.46,23.36,0.2,0.09,4.99,NA,71493,"Max Unger",60,"home",13,2017091705,4472,-0.7,0,0,0,"home"
"388",2017-09-17 20:08:09,50.49,23.37,0.23,0.03,5.21,NA,71493,"Max Unger",60,"home",14,2017091705,4472,-0.6,0,0,0,"home"
"389",2017-09-17 20:08:09,50.54,23.45,0.25,0.1,4.48,"ball_snap",71493,"Max Unger",60,"home",15,2017091705,4472,-0.5,0,0,0,"home"
"390",2017-09-17 20:08:09,50.52,23.44,0.24,0.02,4.98,NA,71493,"Max Unger",60,"home",16,2017091705,4472,-0.4,0,0,0,"home"
"391",2017-09-17 20:08:09,50.49,23.42,0.21,0.04,0.41,NA,71493,"Max Unger",60,"home",17,2017091705,4472,-0.3,0,0,0,"home"
"392",2017-09-17 20:08:09,50.48,23.44,0.14,0.02,334.92,NA,71493,"Max Unger",60,"home",18,2017091705,4472,-0.2,0,0,0,"home"
"393",2017-09-17 20:08:09,50.48,23.47,0.14,0.04,295,NA,71493,"Max Unger",60,"home",19,2017091705,4472,-0.1,0,0,0,"home"
"394",2017-09-17 20:08:10,50.5,23.52,0.18,0.05,295.85,"pass_forward",71493,"Max Unger",60,"home",20,2017091705,4472,0,0,0,0,"home"
"395",2017-09-17 20:08:10,50.52,23.59,0.24,0.07,302.53,NA,71493,"Max Unger",60,"home",21,2017091705,4472,0.1,0,0,0,"home"
"396",2017-09-17 20:08:10,50.55,23.66,0.31,0.07,309.06,NA,71493,"Max Unger",60,"home",22,2017091705,4472,0.2,0,0,0,"home"
"397",2017-09-17 20:08:10,50.55,23.71,0.36,0.05,304.79,NA,71493,"Max Unger",60,"home",23,2017091705,4472,0.3,0,0,0,"home"
"398",2017-09-17 20:08:10,50.52,23.73,0.4,0.03,294.3,"pass_outcome_incomplete",71493,"Max Unger",60,"home",24,2017091705,4472,0.4,0,0,0,"home"
"399",2017-09-17 20:08:10,50.5,23.71,0.42,0.03,293.53,NA,71493,"Max Unger",60,"home",25,2017091705,4472,0.5,0,0,0,"home"
"400",2017-09-17 20:08:10,50.47,23.7,0.45,0.04,295.66,NA,71493,"Max Unger",60,"home",26,2017091705,4472,0.6,0,0,0,"home"
"401",2017-09-17 20:08:10,50.4,23.69,0.47,0.06,293.93,NA,71493,"Max Unger",60,"home",27,2017091705,4472,0.7,0,0,0,"home"
"402",2017-09-17 20:08:10,50.31,23.67,0.49,0.1,290.53,NA,71493,"Max Unger",60,"home",28,2017091705,4472,0.8,0,0,0,"home"
"403",2017-09-17 20:08:10,50.21,23.66,0.52,0.1,285.91,NA,71493,"Max Unger",60,"home",29,2017091705,4472,0.9,0,0,0,"home"
"404",2017-09-17 20:08:11,50.12,23.68,0.56,0.09,280.44,NA,71493,"Max Unger",60,"home",30,2017091705,4472,1,0,0,0,"home"
"405",2017-09-17 20:08:11,50.03,23.71,0.6,0.09,276.47,NA,71493,"Max Unger",60,"home",31,2017091705,4472,1.1,0,0,0,"home"
"406",2017-09-17 20:08:11,49.96,23.74,0.62,0.08,271.89,NA,71493,"Max Unger",60,"home",32,2017091705,4472,1.2,0,0,0,"home"
"407",2017-09-17 20:08:11,49.89,23.75,0.63,0.07,268.79,NA,71493,"Max Unger",60,"home",33,2017091705,4472,1.3,0,0,0,"home"
"408",2017-09-17 20:08:11,49.83,23.75,0.64,0.07,268.33,NA,71493,"Max Unger",60,"home",34,2017091705,4472,1.4,0,0,0,"home"
"409",2017-09-17 20:08:08,46.22,24.53,1.53,0.17,8.51,NA,2495466,"Mark Ingram",22,"home",1,2017091705,4472,-1.9,0,0,0,"home"
"410",2017-09-17 20:08:08,46.24,24.68,1.4,0.15,9.56,NA,2495466,"Mark Ingram",22,"home",2,2017091705,4472,-1.8,0,0,0,"home"
"411",2017-09-17 20:08:08,46.26,24.82,1.27,0.14,10.65,NA,2495466,"Mark Ingram",22,"home",3,2017091705,4472,-1.7,0,0,0,"home"
"412",2017-09-17 20:08:08,46.29,24.93,1.16,0.12,11.61,NA,2495466,"Mark Ingram",22,"home",4,2017091705,4472,-1.6,0,0,0,"home"
"413",2017-09-17 20:08:08,46.33,25.04,1.06,0.12,12.4,NA,2495466,"Mark Ingram",22,"home",5,2017091705,4472,-1.5,0,0,0,"home"
"414",2017-09-17 20:08:08,46.36,25.15,0.95,0.11,12.57,NA,2495466,"Mark Ingram",22,"home",6,2017091705,4472,-1.4,0,0,0,"home"
"415",2017-09-17 20:08:08,46.39,25.23,0.84,0.08,12.34,NA,2495466,"Mark Ingram",22,"home",7,2017091705,4472,-1.3,0,0,0,"home"
"416",2017-09-17 20:08:08,46.42,25.3,0.73,0.08,12.13,NA,2495466,"Mark Ingram",22,"home",8,2017091705,4472,-1.2,0,0,0,"home"
"417",2017-09-17 20:08:08,46.44,25.36,0.62,0.06,11.89,NA,2495466,"Mark Ingram",22,"home",9,2017091705,4472,-1.1,0,0,0,"home"
"418",2017-09-17 20:08:09,46.45,25.39,0.53,0.04,12.02,NA,2495466,"Mark Ingram",22,"home",10,2017091705,4472,-1,0,0,0,"home"
"419",2017-09-17 20:08:09,46.45,25.41,0.44,0.02,12.49,NA,2495466,"Mark Ingram",22,"home",11,2017091705,4472,-0.9,0,0,0,"home"
"420",2017-09-17 20:08:09,46.44,25.42,0.37,0.01,12.01,NA,2495466,"Mark Ingram",22,"home",12,2017091705,4472,-0.8,0,0,0,"home"
"421",2017-09-17 20:08:09,46.45,25.43,0.31,0.02,9.82,NA,2495466,"Mark Ingram",22,"home",13,2017091705,4472,-0.7,0,0,0,"home"
"422",2017-09-17 20:08:09,46.46,25.45,0.24,0.02,4.89,NA,2495466,"Mark Ingram",22,"home",14,2017091705,4472,-0.6,0,0,0,"home"
"423",2017-09-17 20:08:09,46.45,25.46,0.19,0.01,355.73,"ball_snap",2495466,"Mark Ingram",22,"home",15,2017091705,4472,-0.5,0,0,0,"home"
"424",2017-09-17 20:08:09,46.44,25.46,0.17,0.01,340.51,NA,2495466,"Mark Ingram",22,"home",16,2017091705,4472,-0.4,0,0,0,"home"
"425",2017-09-17 20:08:09,46.43,25.46,0.17,0.01,325.8,NA,2495466,"Mark Ingram",22,"home",17,2017091705,4472,-0.3,0,0,0,"home"
"426",2017-09-17 20:08:09,46.42,25.46,0.17,0,316.31,NA,2495466,"Mark Ingram",22,"home",18,2017091705,4472,-0.2,0,0,0,"home"
"427",2017-09-17 20:08:09,46.42,25.46,0.18,0.01,311.69,NA,2495466,"Mark Ingram",22,"home",19,2017091705,4472,-0.1,0,0,0,"home"
"428",2017-09-17 20:08:10,46.41,25.46,0.18,0.01,308.6,"pass_forward",2495466,"Mark Ingram",22,"home",20,2017091705,4472,0,0,0,0,"home"
"429",2017-09-17 20:08:10,46.4,25.47,0.18,0.01,304.88,NA,2495466,"Mark Ingram",22,"home",21,2017091705,4472,0.1,0,0,0,"home"
"430",2017-09-17 20:08:10,46.38,25.47,0.19,0.02,299.95,NA,2495466,"Mark Ingram",22,"home",22,2017091705,4472,0.2,0,0,0,"home"
"431",2017-09-17 20:08:10,46.36,25.48,0.19,0.02,293.95,NA,2495466,"Mark Ingram",22,"home",23,2017091705,4472,0.3,0,0,0,"home"
"432",2017-09-17 20:08:10,46.33,25.49,0.18,0.03,289.64,"pass_outcome_incomplete",2495466,"Mark Ingram",22,"home",24,2017091705,4472,0.4,0,0,0,"home"
"433",2017-09-17 20:08:10,46.29,25.51,0.17,0.05,288.26,NA,2495466,"Mark Ingram",22,"home",25,2017091705,4472,0.5,0,0,0,"home"
"434",2017-09-17 20:08:10,46.25,25.55,0.15,0.05,285.01,NA,2495466,"Mark Ingram",22,"home",26,2017091705,4472,0.6,0,0,0,"home"
"435",2017-09-17 20:08:10,46.23,25.58,0.14,0.05,277.61,NA,2495466,"Mark Ingram",22,"home",27,2017091705,4472,0.7,0,0,0,"home"
"436",2017-09-17 20:08:10,46.21,25.61,0.14,0.02,263.51,NA,2495466,"Mark Ingram",22,"home",28,2017091705,4472,0.8,0,0,0,"home"
"437",2017-09-17 20:08:10,46.19,25.61,0.13,0.02,245.91,NA,2495466,"Mark Ingram",22,"home",29,2017091705,4472,0.9,0,0,0,"home"
"438",2017-09-17 20:08:11,46.18,25.6,0.13,0.02,227.55,NA,2495466,"Mark Ingram",22,"home",30,2017091705,4472,1,0,0,0,"home"
"439",2017-09-17 20:08:11,46.16,25.6,0.15,0.01,211.64,NA,2495466,"Mark Ingram",22,"home",31,2017091705,4472,1.1,0,0,0,"home"
"440",2017-09-17 20:08:11,46.15,25.59,0.17,0.02,199.34,NA,2495466,"Mark Ingram",22,"home",32,2017091705,4472,1.2,0,0,0,"home"
"441",2017-09-17 20:08:11,46.15,25.57,0.21,0.02,190.21,NA,2495466,"Mark Ingram",22,"home",33,2017091705,4472,1.3,0,0,0,"home"
"442",2017-09-17 20:08:11,46.15,25.55,0.25,0.01,177.88,NA,2495466,"Mark Ingram",22,"home",34,2017091705,4472,1.4,0,0,0,"home"
"443",2017-09-17 20:08:08,48.89,23.38,0.63,0.06,80.59,NA,2504775,"Drew Brees",9,"home",1,2017091705,4472,-1.9,0,0,0,"home"
"444",2017-09-17 20:08:08,48.96,23.39,0.61,0.06,80.9,NA,2504775,"Drew Brees",9,"home",2,2017091705,4472,-1.8,0,0,0,"home"
"445",2017-09-17 20:08:08,49.01,23.41,0.61,0.06,80.09,NA,2504775,"Drew Brees",9,"home",3,2017091705,4472,-1.7,0,0,0,"home"
"446",2017-09-17 20:08:08,49.06,23.42,0.59,0.05,79.47,NA,2504775,"Drew Brees",9,"home",4,2017091705,4472,-1.6,0,0,0,"home"
"447",2017-09-17 20:08:08,49.12,23.44,0.57,0.06,79.23,NA,2504775,"Drew Brees",9,"home",5,2017091705,4472,-1.5,0,0,0,"home"
"448",2017-09-17 20:08:08,49.18,23.46,0.54,0.06,79.46,NA,2504775,"Drew Brees",9,"home",6,2017091705,4472,-1.4,0,0,0,"home"
"449",2017-09-17 20:08:08,49.25,23.47,0.52,0.07,78.6,NA,2504775,"Drew Brees",9,"home",7,2017091705,4472,-1.3,0,0,0,"home"
"450",2017-09-17 20:08:08,49.31,23.49,0.46,0.07,78.27,NA,2504775,"Drew Brees",9,"home",8,2017091705,4472,-1.2,0,0,0,"home"
"451",2017-09-17 20:08:08,49.37,23.5,0.38,0.06,76.83,NA,2504775,"Drew Brees",9,"home",9,2017091705,4472,-1.1,0,0,0,"home"
"452",2017-09-17 20:08:09,49.43,23.5,0.31,0.06,74.13,NA,2504775,"Drew Brees",9,"home",10,2017091705,4472,-1,0,0,0,"home"
"453",2017-09-17 20:08:09,49.49,23.5,0.22,0.05,74.39,NA,2504775,"Drew Brees",9,"home",11,2017091705,4472,-0.9,0,0,0,"home"
"454",2017-09-17 20:08:09,49.53,23.53,0.15,0.05,70.56,NA,2504775,"Drew Brees",9,"home",12,2017091705,4472,-0.8,0,0,0,"home"
"455",2017-09-17 20:08:09,49.56,23.54,0.07,0.03,51.13,NA,2504775,"Drew Brees",9,"home",13,2017091705,4472,-0.7,0,0,0,"home"
"456",2017-09-17 20:08:09,49.6,23.55,0.05,0.03,333.08,NA,2504775,"Drew Brees",9,"home",14,2017091705,4472,-0.6,0,0,0,"home"
"457",2017-09-17 20:08:09,49.62,23.54,0.12,0.02,281.97,"ball_snap",2504775,"Drew Brees",9,"home",15,2017091705,4472,-0.5,0,0,0,"home"
"458",2017-09-17 20:08:09,49.63,23.55,0.22,0.02,272.56,NA,2504775,"Drew Brees",9,"home",16,2017091705,4472,-0.4,0,0,0,"home"
"459",2017-09-17 20:08:09,49.58,23.54,0.32,0.05,270.04,NA,2504775,"Drew Brees",9,"home",17,2017091705,4472,-0.3,0,0,0,"home"
"460",2017-09-17 20:08:09,49.51,23.54,0.42,0.08,268.66,NA,2504775,"Drew Brees",9,"home",18,2017091705,4472,-0.2,0,0,0,"home"
"461",2017-09-17 20:08:09,49.43,23.53,0.51,0.08,268.07,NA,2504775,"Drew Brees",9,"home",19,2017091705,4472,-0.1,0,0,0,"home"
"462",2017-09-17 20:08:10,49.34,23.5,0.57,0.09,268.04,"pass_forward",2504775,"Drew Brees",9,"home",20,2017091705,4472,0,0,0,0,"home"
"463",2017-09-17 20:08:10,49.26,23.5,0.63,0.08,266.89,NA,2504775,"Drew Brees",9,"home",21,2017091705,4472,0.1,0,0,0,"home"
"464",2017-09-17 20:08:10,49.16,23.5,0.69,0.1,266.76,NA,2504775,"Drew Brees",9,"home",22,2017091705,4472,0.2,0,0,0,"home"
"465",2017-09-17 20:08:10,49.08,23.53,0.76,0.09,267.47,NA,2504775,"Drew Brees",9,"home",23,2017091705,4472,0.3,0,0,0,"home"
"466",2017-09-17 20:08:10,48.97,23.5,0.82,0.11,268.28,"pass_outcome_incomplete",2504775,"Drew Brees",9,"home",24,2017091705,4472,0.4,0,0,0,"home"
"467",2017-09-17 20:08:10,48.86,23.49,0.88,0.12,268.01,NA,2504775,"Drew Brees",9,"home",25,2017091705,4472,0.5,0,0,0,"home"
"468",2017-09-17 20:08:10,48.74,23.49,0.91,0.11,268.06,NA,2504775,"Drew Brees",9,"home",26,2017091705,4472,0.6,0,0,0,"home"
"469",2017-09-17 20:08:10,48.62,23.48,0.92,0.12,268.07,NA,2504775,"Drew Brees",9,"home",27,2017091705,4472,0.7,0,0,0,"home"
"470",2017-09-17 20:08:10,48.52,23.47,0.93,0.1,268.03,NA,2504775,"Drew Brees",9,"home",28,2017091705,4472,0.8,0,0,0,"home"
"471",2017-09-17 20:08:10,48.46,23.47,0.93,0.06,268.93,NA,2504775,"Drew Brees",9,"home",29,2017091705,4472,0.9,0,0,0,"home"
"472",2017-09-17 20:08:11,48.4,23.46,0.94,0.06,268.62,NA,2504775,"Drew Brees",9,"home",30,2017091705,4472,1,0,0,0,"home"
"473",2017-09-17 20:08:11,48.32,23.47,0.93,0.08,267.79,NA,2504775,"Drew Brees",9,"home",31,2017091705,4472,1.1,0,0,0,"home"
"474",2017-09-17 20:08:11,48.22,23.49,0.94,0.1,266.31,NA,2504775,"Drew Brees",9,"home",32,2017091705,4472,1.2,0,0,0,"home"
"475",2017-09-17 20:08:11,48.14,23.5,0.93,0.09,266.53,NA,2504775,"Drew Brees",9,"home",33,2017091705,4472,1.3,0,0,0,"home"
"476",2017-09-17 20:08:11,48.05,23.5,0.93,0.09,266.11,NA,2504775,"Drew Brees",9,"home",34,2017091705,4472,1.4,0,0,0,"home"
"477",2017-09-17 20:08:08,50.35,19.17,0.79,0.06,258.03,NA,2532838,"Coby Fleener",82,"home",1,2017091705,4472,-1.9,0,0,0,"home"
"478",2017-09-17 20:08:08,50.3,19.16,0.64,0.05,258.09,NA,2532838,"Coby Fleener",82,"home",2,2017091705,4472,-1.8,0,0,0,"home"
"479",2017-09-17 20:08:08,50.29,19.17,0.51,0.01,258.75,NA,2532838,"Coby Fleener",82,"home",3,2017091705,4472,-1.7,0,0,0,"home"
"480",2017-09-17 20:08:08,50.29,19.18,0.39,0.01,260.15,NA,2532838,"Coby Fleener",82,"home",4,2017091705,4472,-1.6,0,0,0,"home"
"481",2017-09-17 20:08:08,50.3,19.19,0.31,0.01,261.22,NA,2532838,"Coby Fleener",82,"home",5,2017091705,4472,-1.5,0,0,0,"home"
"482",2017-09-17 20:08:08,50.31,19.2,0.22,0.02,263.61,NA,2532838,"Coby Fleener",82,"home",6,2017091705,4472,-1.4,0,0,0,"home"
"483",2017-09-17 20:08:08,50.3,19.21,0.16,0.01,266.81,NA,2532838,"Coby Fleener",82,"home",7,2017091705,4472,-1.3,0,0,0,"home"
"484",2017-09-17 20:08:08,50.29,19.21,0.11,0.01,271.3,NA,2532838,"Coby Fleener",82,"home",8,2017091705,4472,-1.2,0,0,0,"home"
"485",2017-09-17 20:08:08,50.29,19.21,0.06,0.01,277.97,NA,2532838,"Coby Fleener",82,"home",9,2017091705,4472,-1.1,0,0,0,"home"
"486",2017-09-17 20:08:09,50.29,19.21,0.03,0,296.81,NA,2532838,"Coby Fleener",82,"home",10,2017091705,4472,-1,0,0,0,"home"
"487",2017-09-17 20:08:09,50.29,19.21,0.02,0,10.14,NA,2532838,"Coby Fleener",82,"home",11,2017091705,4472,-0.9,0,0,0,"home"
"488",2017-09-17 20:08:09,50.3,19.2,0.02,0,34.54,NA,2532838,"Coby Fleener",82,"home",12,2017091705,4472,-0.8,0,0,0,"home"
"489",2017-09-17 20:08:09,50.3,19.2,0.01,0,36.42,NA,2532838,"Coby Fleener",82,"home",13,2017091705,4472,-0.7,0,0,0,"home"
"490",2017-09-17 20:08:09,50.3,19.2,0.01,0,31.11,NA,2532838,"Coby Fleener",82,"home",14,2017091705,4472,-0.6,0,0,0,"home"
"491",2017-09-17 20:08:09,50.3,19.2,0,0,199.95,"ball_snap",2532838,"Coby Fleener",82,"home",15,2017091705,4472,-0.5,0,0,0,"home"
"492",2017-09-17 20:08:09,50.3,19.2,0.01,0,177.43,NA,2532838,"Coby Fleener",82,"home",16,2017091705,4472,-0.4,0,0,0,"home"
"493",2017-09-17 20:08:09,50.3,19.2,0.01,0,143.21,NA,2532838,"Coby Fleener",82,"home",17,2017091705,4472,-0.3,0,0,0,"home"
"494",2017-09-17 20:08:09,50.3,19.2,0.01,0,130.86,NA,2532838,"Coby Fleener",82,"home",18,2017091705,4472,-0.2,0,0,0,"home"
"495",2017-09-17 20:08:09,50.3,19.2,0.01,0,131.76,NA,2532838,"Coby Fleener",82,"home",19,2017091705,4472,-0.1,0,0,0,"home"
"496",2017-09-17 20:08:10,50.3,19.2,0.01,0,134.79,"pass_forward",2532838,"Coby Fleener",82,"home",20,2017091705,4472,0,0,0,0,"home"
"497",2017-09-17 20:08:10,50.3,19.19,0.01,0,138.91,NA,2532838,"Coby Fleener",82,"home",21,2017091705,4472,0.1,0,0,0,"home"
"498",2017-09-17 20:08:10,50.3,19.19,0,0,143.42,NA,2532838,"Coby Fleener",82,"home",22,2017091705,4472,0.2,0,0,0,"home"
"499",2017-09-17 20:08:10,50.3,19.19,0,0,152.66,NA,2532838,"Coby Fleener",82,"home",23,2017091705,4472,0.3,0,0,0,"home"
"500",2017-09-17 20:08:10,50.3,19.19,0,0,232.72,"pass_outcome_incomplete",2532838,"Coby Fleener",82,"home",24,2017091705,4472,0.4,0,0,0,"home"
"501",2017-09-17 20:08:10,50.3,19.19,0,0,285.66,NA,2532838,"Coby Fleener",82,"home",25,2017091705,4472,0.5,0,0,0,"home"
"502",2017-09-17 20:08:10,50.3,19.19,0,0,289.04,NA,2532838,"Coby Fleener",82,"home",26,2017091705,4472,0.6,0,0,0,"home"
"503",2017-09-17 20:08:10,50.3,19.19,0.01,0,288.48,NA,2532838,"Coby Fleener",82,"home",27,2017091705,4472,0.7,0,0,0,"home"
"504",2017-09-17 20:08:10,50.3,19.2,0.01,0,286.51,NA,2532838,"Coby Fleener",82,"home",28,2017091705,4472,0.8,0,0,0,"home"
"505",2017-09-17 20:08:10,50.3,19.2,0.01,0,283.2,NA,2532838,"Coby Fleener",82,"home",29,2017091705,4472,0.9,0,0,0,"home"
"506",2017-09-17 20:08:11,50.3,19.2,0.02,0,280.77,NA,2532838,"Coby Fleener",82,"home",30,2017091705,4472,1,0,0,0,"home"
"507",2017-09-17 20:08:11,50.3,19.2,0.02,0,278.21,NA,2532838,"Coby Fleener",82,"home",31,2017091705,4472,1.1,0,0,0,"home"
"508",2017-09-17 20:08:11,50.3,19.2,0.02,0,275.61,NA,2532838,"Coby Fleener",82,"home",32,2017091705,4472,1.2,0,0,0,"home"
"509",2017-09-17 20:08:11,50.3,19.2,0.03,0,270.61,NA,2532838,"Coby Fleener",82,"home",33,2017091705,4472,1.3,0,0,0,"home"
"510",2017-09-17 20:08:11,50.3,19.2,0.07,0,266.33,NA,2532838,"Coby Fleener",82,"home",34,2017091705,4472,1.4,0,0,0,"home"
"511",2017-09-17 20:08:08,50.15,24.75,0.38,0.06,28.63,NA,2532889,"Senio Kelemete",65,"home",1,2017091705,4472,-1.9,0,0,0,"home"
"512",2017-09-17 20:08:08,50.15,24.86,0.35,0.12,27.84,NA,2532889,"Senio Kelemete",65,"home",2,2017091705,4472,-1.8,0,0,0,"home"
"513",2017-09-17 20:08:08,50.16,24.94,0.34,0.08,27.59,NA,2532889,"Senio Kelemete",65,"home",3,2017091705,4472,-1.7,0,0,0,"home"
"514",2017-09-17 20:08:08,50.17,25.04,0.34,0.1,23.26,NA,2532889,"Senio Kelemete",65,"home",4,2017091705,4472,-1.6,0,0,0,"home"
"515",2017-09-17 20:08:08,50.19,25.14,0.32,0.1,19.04,NA,2532889,"Senio Kelemete",65,"home",5,2017091705,4472,-1.5,0,0,0,"home"
"516",2017-09-17 20:08:08,50.2,25.21,0.29,0.07,15.97,NA,2532889,"Senio Kelemete",65,"home",6,2017091705,4472,-1.4,0,0,0,"home"
"517",2017-09-17 20:08:08,50.19,25.01,0.29,0.2,13.51,NA,2532889,"Senio Kelemete",65,"home",7,2017091705,4472,-1.3,0,0,0,"home"
"518",2017-09-17 20:08:08,50.19,24.94,0.21,0.06,18.3,NA,2532889,"Senio Kelemete",65,"home",8,2017091705,4472,-1.2,0,0,0,"home"
"519",2017-09-17 20:08:08,50.2,24.99,0.16,0.04,27.49,NA,2532889,"Senio Kelemete",65,"home",9,2017091705,4472,-1.1,0,0,0,"home"
"520",2017-09-17 20:08:09,50.2,25.02,0.11,0.03,51.87,NA,2532889,"Senio Kelemete",65,"home",10,2017091705,4472,-1,0,0,0,"home"
"521",2017-09-17 20:08:09,50.21,24.98,0.09,0.04,108.74,NA,2532889,"Senio Kelemete",65,"home",11,2017091705,4472,-0.9,0,0,0,"home"
"522",2017-09-17 20:08:09,50.23,25,0.14,0.03,128.53,NA,2532889,"Senio Kelemete",65,"home",12,2017091705,4472,-0.8,0,0,0,"home"
"523",2017-09-17 20:08:09,50.23,25.05,0.21,0.05,141.89,NA,2532889,"Senio Kelemete",65,"home",13,2017091705,4472,-0.7,0,0,0,"home"
"524",2017-09-17 20:08:09,50.23,25.08,0.27,0.03,148.5,NA,2532889,"Senio Kelemete",65,"home",14,2017091705,4472,-0.6,0,0,0,"home"
"525",2017-09-17 20:08:09,50.24,25.09,0.32,0.01,150.63,"ball_snap",2532889,"Senio Kelemete",65,"home",15,2017091705,4472,-0.5,0,0,0,"home"
"526",2017-09-17 20:08:09,50.24,25.13,0.26,0.04,133.46,NA,2532889,"Senio Kelemete",65,"home",16,2017091705,4472,-0.4,0,0,0,"home"
"527",2017-09-17 20:08:09,50.27,25.03,0.27,0.1,127.18,NA,2532889,"Senio Kelemete",65,"home",17,2017091705,4472,-0.3,0,0,0,"home"
"528",2017-09-17 20:08:09,50.28,24.94,0.32,0.09,128.22,NA,2532889,"Senio Kelemete",65,"home",18,2017091705,4472,-0.2,0,0,0,"home"
"529",2017-09-17 20:08:09,50.29,24.86,0.36,0.08,126.05,NA,2532889,"Senio Kelemete",65,"home",19,2017091705,4472,-0.1,0,0,0,"home"
"530",2017-09-17 20:08:10,50.3,24.81,0.36,0.05,119.41,"pass_forward",2532889,"Senio Kelemete",65,"home",20,2017091705,4472,0,0,0,0,"home"
"531",2017-09-17 20:08:10,50.35,24.79,0.36,0.06,118.39,NA,2532889,"Senio Kelemete",65,"home",21,2017091705,4472,0.1,0,0,0,"home"
"532",2017-09-17 20:08:10,50.4,24.75,0.36,0.06,117.51,NA,2532889,"Senio Kelemete",65,"home",22,2017091705,4472,0.2,0,0,0,"home"
"533",2017-09-17 20:08:10,50.44,24.72,0.37,0.05,115.88,NA,2532889,"Senio Kelemete",65,"home",23,2017091705,4472,0.3,0,0,0,"home"
"534",2017-09-17 20:08:10,50.49,24.7,0.36,0.05,113.48,"pass_outcome_incomplete",2532889,"Senio Kelemete",65,"home",24,2017091705,4472,0.4,0,0,0,"home"
"535",2017-09-17 20:08:10,50.53,24.68,0.38,0.05,113.96,NA,2532889,"Senio Kelemete",65,"home",25,2017091705,4472,0.5,0,0,0,"home"
"536",2017-09-17 20:08:10,50.59,24.65,0.35,0.06,104.58,NA,2532889,"Senio Kelemete",65,"home",26,2017091705,4472,0.6,0,0,0,"home"
"537",2017-09-17 20:08:10,50.65,24.63,0.35,0.07,95.55,NA,2532889,"Senio Kelemete",65,"home",27,2017091705,4472,0.7,0,0,0,"home"
"538",2017-09-17 20:08:10,50.72,24.64,0.35,0.07,87.36,NA,2532889,"Senio Kelemete",65,"home",28,2017091705,4472,0.8,0,0,0,"home"
"539",2017-09-17 20:08:10,50.77,24.67,0.37,0.06,82.52,NA,2532889,"Senio Kelemete",65,"home",29,2017091705,4472,0.9,0,0,0,"home"
"540",2017-09-17 20:08:11,50.79,24.7,0.37,0.04,80.13,NA,2532889,"Senio Kelemete",65,"home",30,2017091705,4472,1,0,0,0,"home"
"541",2017-09-17 20:08:11,50.81,24.75,0.37,0.05,75.96,NA,2532889,"Senio Kelemete",65,"home",31,2017091705,4472,1.1,0,0,0,"home"
"542",2017-09-17 20:08:11,50.82,24.79,0.38,0.05,72.84,NA,2532889,"Senio Kelemete",65,"home",32,2017091705,4472,1.2,0,0,0,"home"
"543",2017-09-17 20:08:11,50.84,24.83,0.38,0.04,69.41,NA,2532889,"Senio Kelemete",65,"home",33,2017091705,4472,1.3,0,0,0,"home"
"544",2017-09-17 20:08:11,50.86,24.85,0.38,0.03,65.69,NA,2532889,"Senio Kelemete",65,"home",34,2017091705,4472,1.4,0,0,0,"home"
"545",2017-09-17 20:08:08,50.08,22.41,0.46,0.06,34.33,NA,2539248,"Larry Warford",67,"home",1,2017091705,4472,-1.9,0,0,0,"home"
"546",2017-09-17 20:08:08,50.1,22.43,0.43,0.03,33.24,NA,2539248,"Larry Warford",67,"home",2,2017091705,4472,-1.8,0,0,0,"home"
"547",2017-09-17 20:08:08,50.15,22.41,0.38,0.05,32.12,NA,2539248,"Larry Warford",67,"home",3,2017091705,4472,-1.7,0,0,0,"home"
"548",2017-09-17 20:08:08,50.15,22.42,0.32,0,29.37,NA,2539248,"Larry Warford",67,"home",4,2017091705,4472,-1.6,0,0,0,"home"
"549",2017-09-17 20:08:08,50.15,22.41,0.28,0.01,24.89,NA,2539248,"Larry Warford",67,"home",5,2017091705,4472,-1.5,0,0,0,"home"
"550",2017-09-17 20:08:08,50.13,22.39,0.23,0.03,25.64,NA,2539248,"Larry Warford",67,"home",6,2017091705,4472,-1.4,0,0,0,"home"
"551",2017-09-17 20:08:08,50.11,22.35,0.18,0.04,33.2,NA,2539248,"Larry Warford",67,"home",7,2017091705,4472,-1.3,0,0,0,"home"
"552",2017-09-17 20:08:08,50.11,22.31,0.14,0.04,35.76,NA,2539248,"Larry Warford",67,"home",8,2017091705,4472,-1.2,0,0,0,"home"
"553",2017-09-17 20:08:08,50.12,22.34,0.09,0.03,34.94,NA,2539248,"Larry Warford",67,"home",9,2017091705,4472,-1.1,0,0,0,"home"
"554",2017-09-17 20:08:09,50.14,22.43,0.06,0.1,39.81,NA,2539248,"Larry Warford",67,"home",10,2017091705,4472,-1,0,0,0,"home"
"555",2017-09-17 20:08:09,50.15,22.46,0.06,0.03,40.98,NA,2539248,"Larry Warford",67,"home",11,2017091705,4472,-0.9,0,0,0,"home"
"556",2017-09-17 20:08:09,50.13,22.46,0.07,0.01,23.56,NA,2539248,"Larry Warford",67,"home",12,2017091705,4472,-0.8,0,0,0,"home"
"557",2017-09-17 20:08:09,50.12,22.47,0.1,0.02,34.56,NA,2539248,"Larry Warford",67,"home",13,2017091705,4472,-0.7,0,0,0,"home"
"558",2017-09-17 20:08:09,50.11,22.5,0.15,0.02,39.54,NA,2539248,"Larry Warford",67,"home",14,2017091705,4472,-0.6,0,0,0,"home"
"559",2017-09-17 20:08:09,50.12,22.49,0.19,0.02,41.23,"ball_snap",2539248,"Larry Warford",67,"home",15,2017091705,4472,-0.5,0,0,0,"home"
"560",2017-09-17 20:08:09,50.13,22.49,0.24,0.01,40.87,NA,2539248,"Larry Warford",67,"home",16,2017091705,4472,-0.4,0,0,0,"home"
"561",2017-09-17 20:08:09,50.14,22.5,0.29,0.01,38.9,NA,2539248,"Larry Warford",67,"home",17,2017091705,4472,-0.3,0,0,0,"home"
"562",2017-09-17 20:08:09,50.15,22.49,0.3,0.01,39.72,NA,2539248,"Larry Warford",67,"home",18,2017091705,4472,-0.2,0,0,0,"home"
"563",2017-09-17 20:08:09,50.15,22.49,0.27,0,47,NA,2539248,"Larry Warford",67,"home",19,2017091705,4472,-0.1,0,0,0,"home"
"564",2017-09-17 20:08:10,50.17,22.51,0.31,0.02,50.84,"pass_forward",2539248,"Larry Warford",67,"home",20,2017091705,4472,0,0,0,0,"home"
"565",2017-09-17 20:08:10,50.2,22.53,0.38,0.04,52.24,NA,2539248,"Larry Warford",67,"home",21,2017091705,4472,0.1,0,0,0,"home"
"566",2017-09-17 20:08:10,50.25,22.57,0.44,0.07,54.35,NA,2539248,"Larry Warford",67,"home",22,2017091705,4472,0.2,0,0,0,"home"
"567",2017-09-17 20:08:10,50.32,22.61,0.47,0.08,56.49,NA,2539248,"Larry Warford",67,"home",23,2017091705,4472,0.3,0,0,0,"home"
"568",2017-09-17 20:08:10,50.36,22.65,0.48,0.05,55.99,"pass_outcome_incomplete",2539248,"Larry Warford",67,"home",24,2017091705,4472,0.4,0,0,0,"home"
"569",2017-09-17 20:08:10,50.4,22.68,0.49,0.05,55.97,NA,2539248,"Larry Warford",67,"home",25,2017091705,4472,0.5,0,0,0,"home"
"570",2017-09-17 20:08:10,50.43,22.72,0.48,0.06,55.61,NA,2539248,"Larry Warford",67,"home",26,2017091705,4472,0.6,0,0,0,"home"
"571",2017-09-17 20:08:10,50.46,22.75,0.48,0.04,55.03,NA,2539248,"Larry Warford",67,"home",27,2017091705,4472,0.7,0,0,0,"home"
"572",2017-09-17 20:08:10,50.49,22.76,0.48,0.03,55.05,NA,2539248,"Larry Warford",67,"home",28,2017091705,4472,0.8,0,0,0,"home"
"573",2017-09-17 20:08:10,50.58,22.82,0.46,0.11,55.35,NA,2539248,"Larry Warford",67,"home",29,2017091705,4472,0.9,0,0,0,"home"
"574",2017-09-17 20:08:11,50.67,22.88,0.44,0.11,55.72,NA,2539248,"Larry Warford",67,"home",30,2017091705,4472,1,0,0,0,"home"
"575",2017-09-17 20:08:11,50.76,22.93,0.39,0.1,56.46,NA,2539248,"Larry Warford",67,"home",31,2017091705,4472,1.1,0,0,0,"home"
"576",2017-09-17 20:08:11,50.81,22.96,0.34,0.06,57.53,NA,2539248,"Larry Warford",67,"home",32,2017091705,4472,1.2,0,0,0,"home"
"577",2017-09-17 20:08:11,50.84,22.97,0.3,0.03,59.78,NA,2539248,"Larry Warford",67,"home",33,2017091705,4472,1.3,0,0,0,"home"
"578",2017-09-17 20:08:11,50.85,22.98,0.27,0.02,63.81,NA,2539248,"Larry Warford",67,"home",34,2017091705,4472,1.4,0,0,0,"home"
"579",2017-09-17 20:08:08,50.13,32.28,0.09,0.01,31.87,NA,2550328,"Brandon Coleman",16,"home",1,2017091705,4472,-1.9,0,0,0,"home"
"580",2017-09-17 20:08:08,50.12,32.28,0.07,0.01,14.31,NA,2550328,"Brandon Coleman",16,"home",2,2017091705,4472,-1.8,0,0,0,"home"
"581",2017-09-17 20:08:08,50.11,32.28,0.05,0.01,354.37,NA,2550328,"Brandon Coleman",16,"home",3,2017091705,4472,-1.7,0,0,0,"home"
"582",2017-09-17 20:08:08,50.11,32.29,0.05,0.01,323.69,NA,2550328,"Brandon Coleman",16,"home",4,2017091705,4472,-1.6,0,0,0,"home"
"583",2017-09-17 20:08:08,50.1,32.29,0.05,0.01,307.87,NA,2550328,"Brandon Coleman",16,"home",5,2017091705,4472,-1.5,0,0,0,"home"
"584",2017-09-17 20:08:08,50.09,32.29,0.05,0.01,292.89,NA,2550328,"Brandon Coleman",16,"home",6,2017091705,4472,-1.4,0,0,0,"home"
"585",2017-09-17 20:08:08,50.08,32.29,0.05,0.01,286.46,NA,2550328,"Brandon Coleman",16,"home",7,2017091705,4472,-1.3,0,0,0,"home"
"586",2017-09-17 20:08:08,50.07,32.29,0.05,0.01,282.08,NA,2550328,"Brandon Coleman",16,"home",8,2017091705,4472,-1.2,0,0,0,"home"
"587",2017-09-17 20:08:08,50.07,32.29,0.05,0.01,279.66,NA,2550328,"Brandon Coleman",16,"home",9,2017091705,4472,-1.1,0,0,0,"home"
"588",2017-09-17 20:08:09,50.07,32.29,0.04,0,275.85,NA,2550328,"Brandon Coleman",16,"home",10,2017091705,4472,-1,0,0,0,"home"
"589",2017-09-17 20:08:09,50.06,32.29,0.04,0,274.06,NA,2550328,"Brandon Coleman",16,"home",11,2017091705,4472,-0.9,0,0,0,"home"
"590",2017-09-17 20:08:09,50.06,32.29,0.04,0,273.79,NA,2550328,"Brandon Coleman",16,"home",12,2017091705,4472,-0.8,0,0,0,"home"
"591",2017-09-17 20:08:09,50.06,32.29,0.03,0,273.53,NA,2550328,"Brandon Coleman",16,"home",13,2017091705,4472,-0.7,0,0,0,"home"
"592",2017-09-17 20:08:09,50.06,32.29,0.03,0,273.75,NA,2550328,"Brandon Coleman",16,"home",14,2017091705,4472,-0.6,0,0,0,"home"
"593",2017-09-17 20:08:09,50.06,32.29,0.02,0,274.5,"ball_snap",2550328,"Brandon Coleman",16,"home",15,2017091705,4472,-0.5,0,0,0,"home"
"594",2017-09-17 20:08:09,50.05,32.29,0.02,0,275.75,NA,2550328,"Brandon Coleman",16,"home",16,2017091705,4472,-0.4,0,0,0,"home"
"595",2017-09-17 20:08:09,50.05,32.29,0.01,0,278,NA,2550328,"Brandon Coleman",16,"home",17,2017091705,4472,-0.3,0,0,0,"home"
"596",2017-09-17 20:08:09,50.05,32.29,0.01,0,283.29,NA,2550328,"Brandon Coleman",16,"home",18,2017091705,4472,-0.2,0,0,0,"home"
"597",2017-09-17 20:08:09,50.05,32.29,0.01,0,292.88,NA,2550328,"Brandon Coleman",16,"home",19,2017091705,4472,-0.1,0,0,0,"home"
"598",2017-09-17 20:08:10,50.05,32.29,0,0,311.91,"pass_forward",2550328,"Brandon Coleman",16,"home",20,2017091705,4472,0,0,0,0,"home"
"599",2017-09-17 20:08:10,50.05,32.29,0,0,350.61,NA,2550328,"Brandon Coleman",16,"home",21,2017091705,4472,0.1,0,0,0,"home"
"600",2017-09-17 20:08:10,50.05,32.29,0,0,30.59,NA,2550328,"Brandon Coleman",16,"home",22,2017091705,4472,0.2,0,0,0,"home"
"601",2017-09-17 20:08:10,50.05,32.29,0,0,47.4,NA,2550328,"Brandon Coleman",16,"home",23,2017091705,4472,0.3,0,0,0,"home"
"602",2017-09-17 20:08:10,50.05,32.29,0.01,0,53.43,"pass_outcome_incomplete",2550328,"Brandon Coleman",16,"home",24,2017091705,4472,0.4,0,0,0,"home"
"603",2017-09-17 20:08:10,50.05,32.29,0.01,0,53.63,NA,2550328,"Brandon Coleman",16,"home",25,2017091705,4472,0.5,0,0,0,"home"
"604",2017-09-17 20:08:10,50.05,32.29,0.01,0,50.6,NA,2550328,"Brandon Coleman",16,"home",26,2017091705,4472,0.6,0,0,0,"home"
"605",2017-09-17 20:08:10,50.05,32.29,0.01,0,46.23,NA,2550328,"Brandon Coleman",16,"home",27,2017091705,4472,0.7,0,0,0,"home"
"606",2017-09-17 20:08:10,50.06,32.29,0.01,0,39.54,NA,2550328,"Brandon Coleman",16,"home",28,2017091705,4472,0.8,0,0,0,"home"
"607",2017-09-17 20:08:10,50.06,32.29,0.01,0,28.29,NA,2550328,"Brandon Coleman",16,"home",29,2017091705,4472,0.9,0,0,0,"home"
"608",2017-09-17 20:08:11,50.06,32.29,0.01,0,9.9,NA,2550328,"Brandon Coleman",16,"home",30,2017091705,4472,1,0,0,0,"home"
"609",2017-09-17 20:08:11,50.06,32.29,0.01,0,346.7,NA,2550328,"Brandon Coleman",16,"home",31,2017091705,4472,1.1,0,0,0,"home"
"610",2017-09-17 20:08:11,50.06,32.29,0.01,0,324.6,NA,2550328,"Brandon Coleman",16,"home",32,2017091705,4472,1.2,0,0,0,"home"
"611",2017-09-17 20:08:11,50.06,32.29,0.01,0,306.45,NA,2550328,"Brandon Coleman",16,"home",33,2017091705,4472,1.3,0,0,0,"home"
"612",2017-09-17 20:08:11,50.06,32.29,0.01,0,292.57,NA,2550328,"Brandon Coleman",16,"home",34,2017091705,4472,1.4,0,0,0,"home"
"613",2017-09-17 20:08:08,49.51,25.89,1.01,0.11,46.93,NA,2552455,"Andrus Peat",75,"home",1,2017091705,4472,-1.9,0,0,0,"home"
"614",2017-09-17 20:08:08,49.58,25.94,0.92,0.09,46.56,NA,2552455,"Andrus Peat",75,"home",2,2017091705,4472,-1.8,0,0,0,"home"
"615",2017-09-17 20:08:08,49.67,25.98,0.82,0.09,48.05,NA,2552455,"Andrus Peat",75,"home",3,2017091705,4472,-1.7,0,0,0,"home"
"616",2017-09-17 20:08:08,49.72,26.03,0.74,0.07,47.73,NA,2552455,"Andrus Peat",75,"home",4,2017091705,4472,-1.6,0,0,0,"home"
"617",2017-09-17 20:08:08,49.48,25.96,0.66,0.25,47.43,NA,2552455,"Andrus Peat",75,"home",5,2017091705,4472,-1.5,0,0,0,"home"
"618",2017-09-17 20:08:08,49.57,26.04,0.58,0.12,46.9,NA,2552455,"Andrus Peat",75,"home",6,2017091705,4472,-1.4,0,0,0,"home"
"619",2017-09-17 20:08:08,49.64,26.09,0.51,0.09,46.04,NA,2552455,"Andrus Peat",75,"home",7,2017091705,4472,-1.3,0,0,0,"home"
"620",2017-09-17 20:08:08,49.69,26.13,0.45,0.07,44.79,NA,2552455,"Andrus Peat",75,"home",8,2017091705,4472,-1.2,0,0,0,"home"
"621",2017-09-17 20:08:08,49.73,26.2,0.4,0.08,43.11,NA,2552455,"Andrus Peat",75,"home",9,2017091705,4472,-1.1,0,0,0,"home"
"622",2017-09-17 20:08:09,49.78,26.22,0.34,0.05,39.51,NA,2552455,"Andrus Peat",75,"home",10,2017091705,4472,-1,0,0,0,"home"
"623",2017-09-17 20:08:09,49.77,26.22,0.31,0,34.04,NA,2552455,"Andrus Peat",75,"home",11,2017091705,4472,-0.9,0,0,0,"home"
"624",2017-09-17 20:08:09,49.79,26.21,0.27,0.02,26.54,NA,2552455,"Andrus Peat",75,"home",12,2017091705,4472,-0.8,0,0,0,"home"
"625",2017-09-17 20:08:09,49.82,26.22,0.26,0.03,17.74,NA,2552455,"Andrus Peat",75,"home",13,2017091705,4472,-0.7,0,0,0,"home"
"626",2017-09-17 20:08:09,49.84,26.24,0.37,0.03,34.06,NA,2552455,"Andrus Peat",75,"home",14,2017091705,4472,-0.6,0,0,0,"home"
"627",2017-09-17 20:08:09,49.85,26.27,0.32,0.03,26.97,"ball_snap",2552455,"Andrus Peat",75,"home",15,2017091705,4472,-0.5,0,0,0,"home"
"628",2017-09-17 20:08:09,49.86,26.3,0.3,0.03,18.28,NA,2552455,"Andrus Peat",75,"home",16,2017091705,4472,-0.4,0,0,0,"home"
"629",2017-09-17 20:08:09,49.88,26.32,0.3,0.03,8.26,NA,2552455,"Andrus Peat",75,"home",17,2017091705,4472,-0.3,0,0,0,"home"
"630",2017-09-17 20:08:09,49.9,26.35,0.27,0.04,339.77,NA,2552455,"Andrus Peat",75,"home",18,2017091705,4472,-0.2,0,0,0,"home"
"631",2017-09-17 20:08:09,49.9,26.37,0.29,0.02,329.91,NA,2552455,"Andrus Peat",75,"home",19,2017091705,4472,-0.1,0,0,0,"home"
"632",2017-09-17 20:08:10,49.89,26.39,0.26,0.02,346.92,"pass_forward",2552455,"Andrus Peat",75,"home",20,2017091705,4472,0,0,0,0,"home"
"633",2017-09-17 20:08:10,49.89,26.43,0.27,0.03,5.52,NA,2552455,"Andrus Peat",75,"home",21,2017091705,4472,0.1,0,0,0,"home"
"634",2017-09-17 20:08:10,49.86,26.47,0.29,0.05,16.37,NA,2552455,"Andrus Peat",75,"home",22,2017091705,4472,0.2,0,0,0,"home"
"635",2017-09-17 20:08:10,49.85,26.51,0.31,0.04,24.76,NA,2552455,"Andrus Peat",75,"home",23,2017091705,4472,0.3,0,0,0,"home"
"636",2017-09-17 20:08:10,49.84,26.56,0.32,0.05,30.26,"pass_outcome_incomplete",2552455,"Andrus Peat",75,"home",24,2017091705,4472,0.4,0,0,0,"home"
"637",2017-09-17 20:08:10,49.81,26.61,0.32,0.06,33.03,NA,2552455,"Andrus Peat",75,"home",25,2017091705,4472,0.5,0,0,0,"home"
"638",2017-09-17 20:08:10,49.77,26.66,0.32,0.06,33.16,NA,2552455,"Andrus Peat",75,"home",26,2017091705,4472,0.6,0,0,0,"home"
"639",2017-09-17 20:08:10,49.56,26.65,0.31,0.21,33.32,NA,2552455,"Andrus Peat",75,"home",27,2017091705,4472,0.7,0,0,0,"home"
"640",2017-09-17 20:08:10,49.52,26.67,0.31,0.05,32.64,NA,2552455,"Andrus Peat",75,"home",28,2017091705,4472,0.8,0,0,0,"home"
"641",2017-09-17 20:08:10,49.67,26.68,0.31,0.15,32.88,NA,2552455,"Andrus Peat",75,"home",29,2017091705,4472,0.9,0,0,0,"home"
"642",2017-09-17 20:08:11,49.84,26.7,0.32,0.17,34.59,NA,2552455,"Andrus Peat",75,"home",30,2017091705,4472,1,0,0,0,"home"
"643",2017-09-17 20:08:11,49.97,26.73,0.31,0.13,39.27,NA,2552455,"Andrus Peat",75,"home",31,2017091705,4472,1.1,0,0,0,"home"
"644",2017-09-17 20:08:11,50.07,26.75,0.3,0.11,42.65,NA,2552455,"Andrus Peat",75,"home",32,2017091705,4472,1.2,0,0,0,"home"
"645",2017-09-17 20:08:11,50.14,26.77,0.29,0.07,48.19,NA,2552455,"Andrus Peat",75,"home",33,2017091705,4472,1.3,0,0,0,"home"
"646",2017-09-17 20:08:11,50.18,26.78,0.28,0.04,56.08,NA,2552455,"Andrus Peat",75,"home",34,2017091705,4472,1.4,0,0,0,"home"
"647",2017-09-17 20:08:08,50.25,8.75,0.16,0.01,99.78,NA,2556370,"Michael Thomas",13,"home",1,2017091705,4472,-1.9,0,0,0,"home"
"648",2017-09-17 20:08:08,50.23,8.75,0.04,0.02,131.37,NA,2556370,"Michael Thomas",13,"home",2,2017091705,4472,-1.8,0,0,0,"home"
"649",2017-09-17 20:08:08,50.2,8.75,0.09,0.03,246.01,NA,2556370,"Michael Thomas",13,"home",3,2017091705,4472,-1.7,0,0,0,"home"
"650",2017-09-17 20:08:08,50.14,8.74,0.18,0.06,257.83,NA,2556370,"Michael Thomas",13,"home",4,2017091705,4472,-1.6,0,0,0,"home"
"651",2017-09-17 20:08:08,50.07,8.75,0.25,0.07,261.79,NA,2556370,"Michael Thomas",13,"home",5,2017091705,4472,-1.5,0,0,0,"home"
"652",2017-09-17 20:08:08,49.98,8.74,0.31,0.08,265.08,NA,2556370,"Michael Thomas",13,"home",6,2017091705,4472,-1.4,0,0,0,"home"
"653",2017-09-17 20:08:08,49.91,8.74,0.37,0.08,267.17,NA,2556370,"Michael Thomas",13,"home",7,2017091705,4472,-1.3,0,0,0,"home"
"654",2017-09-17 20:08:08,49.83,8.74,0.41,0.07,267.8,NA,2556370,"Michael Thomas",13,"home",8,2017091705,4472,-1.2,0,0,0,"home"
"655",2017-09-17 20:08:08,49.75,8.75,0.45,0.08,268.71,NA,2556370,"Michael Thomas",13,"home",9,2017091705,4472,-1.1,0,0,0,"home"
"656",2017-09-17 20:08:09,49.69,8.75,0.46,0.07,269.21,NA,2556370,"Michael Thomas",13,"home",10,2017091705,4472,-1,0,0,0,"home"
"657",2017-09-17 20:08:09,49.61,8.74,0.46,0.07,269.18,NA,2556370,"Michael Thomas",13,"home",11,2017091705,4472,-0.9,0,0,0,"home"
"658",2017-09-17 20:08:09,49.56,8.73,0.45,0.05,269.39,NA,2556370,"Michael Thomas",13,"home",12,2017091705,4472,-0.8,0,0,0,"home"
"659",2017-09-17 20:08:09,49.52,8.72,0.42,0.04,269.63,NA,2556370,"Michael Thomas",13,"home",13,2017091705,4472,-0.7,0,0,0,"home"
"660",2017-09-17 20:08:09,49.5,8.72,0.38,0.02,269.18,NA,2556370,"Michael Thomas",13,"home",14,2017091705,4472,-0.6,0,0,0,"home"
"661",2017-09-17 20:08:09,49.48,8.72,0.34,0.02,269.33,"ball_snap",2556370,"Michael Thomas",13,"home",15,2017091705,4472,-0.5,0,0,0,"home"
"662",2017-09-17 20:08:09,49.46,8.73,0.3,0.02,269.03,NA,2556370,"Michael Thomas",13,"home",16,2017091705,4472,-0.4,0,0,0,"home"
"663",2017-09-17 20:08:09,49.44,8.72,0.26,0.02,268.49,NA,2556370,"Michael Thomas",13,"home",17,2017091705,4472,-0.3,0,0,0,"home"
"664",2017-09-17 20:08:09,49.43,8.73,0.22,0.02,266.38,NA,2556370,"Michael Thomas",13,"home",18,2017091705,4472,-0.2,0,0,0,"home"
"665",2017-09-17 20:08:09,49.41,8.74,0.18,0.01,265.65,NA,2556370,"Michael Thomas",13,"home",19,2017091705,4472,-0.1,0,0,0,"home"
"666",2017-09-17 20:08:10,49.4,8.74,0.14,0.01,265.59,"pass_forward",2556370,"Michael Thomas",13,"home",20,2017091705,4472,0,0,0,0,"home"
"667",2017-09-17 20:08:10,49.39,8.74,0.11,0.01,267.47,NA,2556370,"Michael Thomas",13,"home",21,2017091705,4472,0.1,0,0,0,"home"
"668",2017-09-17 20:08:10,49.39,8.74,0.09,0.01,269.32,NA,2556370,"Michael Thomas",13,"home",22,2017091705,4472,0.2,0,0,0,"home"
"669",2017-09-17 20:08:10,49.38,8.74,0.08,0.01,269.73,NA,2556370,"Michael Thomas",13,"home",23,2017091705,4472,0.3,0,0,0,"home"
"670",2017-09-17 20:08:10,49.38,8.73,0.07,0.01,266.52,"pass_outcome_incomplete",2556370,"Michael Thomas",13,"home",24,2017091705,4472,0.4,0,0,0,"home"
"671",2017-09-17 20:08:10,49.37,8.73,0.06,0.01,264.71,NA,2556370,"Michael Thomas",13,"home",25,2017091705,4472,0.5,0,0,0,"home"
"672",2017-09-17 20:08:10,49.37,8.73,0.05,0.01,263.81,NA,2556370,"Michael Thomas",13,"home",26,2017091705,4472,0.6,0,0,0,"home"
"673",2017-09-17 20:08:10,49.36,8.72,0.04,0,256.95,NA,2556370,"Michael Thomas",13,"home",27,2017091705,4472,0.7,0,0,0,"home"
"674",2017-09-17 20:08:10,49.36,8.72,0.03,0,248.82,NA,2556370,"Michael Thomas",13,"home",28,2017091705,4472,0.8,0,0,0,"home"
"675",2017-09-17 20:08:10,49.36,8.72,0.03,0,242.59,NA,2556370,"Michael Thomas",13,"home",29,2017091705,4472,0.9,0,0,0,"home"
"676",2017-09-17 20:08:11,49.36,8.72,0.03,0,237.15,NA,2556370,"Michael Thomas",13,"home",30,2017091705,4472,1,0,0,0,"home"
"677",2017-09-17 20:08:11,49.36,8.72,0.02,0,233.02,NA,2556370,"Michael Thomas",13,"home",31,2017091705,4472,1.1,0,0,0,"home"
"678",2017-09-17 20:08:11,49.36,8.72,0.02,0,234.45,NA,2556370,"Michael Thomas",13,"home",32,2017091705,4472,1.2,0,0,0,"home"
"679",2017-09-17 20:08:11,49.36,8.72,0.02,0,234.45,NA,2556370,"Michael Thomas",13,"home",33,2017091705,4472,1.3,0,0,0,"home"
"680",2017-09-17 20:08:11,49.36,8.72,0.02,0,237.75,NA,2556370,"Michael Thomas",13,"home",34,2017091705,4472,1.4,0,0,0,"home"
"681",2017-09-17 20:08:08,48.18,34.32,0.3,0.03,334.54,NA,2556752,"Tommylee Lewis",11,"home",1,2017091705,4472,-1.9,0,0,0,"home"
"682",2017-09-17 20:08:08,48.19,34.34,0.24,0.02,342.96,NA,2556752,"Tommylee Lewis",11,"home",2,2017091705,4472,-1.8,0,0,0,"home"
"683",2017-09-17 20:08:08,48.2,34.36,0.2,0.03,352.24,NA,2556752,"Tommylee Lewis",11,"home",3,2017091705,4472,-1.7,0,0,0,"home"
"684",2017-09-17 20:08:08,48.22,34.38,0.16,0.03,3,NA,2556752,"Tommylee Lewis",11,"home",4,2017091705,4472,-1.6,0,0,0,"home"
"685",2017-09-17 20:08:08,48.23,34.4,0.13,0.02,11.81,NA,2556752,"Tommylee Lewis",11,"home",5,2017091705,4472,-1.5,0,0,0,"home"
"686",2017-09-17 20:08:08,48.24,34.4,0.1,0.01,19.55,NA,2556752,"Tommylee Lewis",11,"home",6,2017091705,4472,-1.4,0,0,0,"home"
"687",2017-09-17 20:08:08,48.24,34.4,0.07,0.01,24.75,NA,2556752,"Tommylee Lewis",11,"home",7,2017091705,4472,-1.3,0,0,0,"home"
"688",2017-09-17 20:08:08,48.24,34.4,0.05,0,28.09,NA,2556752,"Tommylee Lewis",11,"home",8,2017091705,4472,-1.2,0,0,0,"home"
"689",2017-09-17 20:08:08,48.24,34.4,0.02,0,30.87,NA,2556752,"Tommylee Lewis",11,"home",9,2017091705,4472,-1.1,0,0,0,"home"
"690",2017-09-17 20:08:09,48.24,34.4,0.01,0.01,192.32,NA,2556752,"Tommylee Lewis",11,"home",10,2017091705,4472,-1,0,0,0,"home"
"691",2017-09-17 20:08:09,48.23,34.39,0.04,0.01,200.65,NA,2556752,"Tommylee Lewis",11,"home",11,2017091705,4472,-0.9,0,0,0,"home"
"692",2017-09-17 20:08:09,48.23,34.39,0.06,0.01,201.57,NA,2556752,"Tommylee Lewis",11,"home",12,2017091705,4472,-0.8,0,0,0,"home"
"693",2017-09-17 20:08:09,48.22,34.38,0.06,0.01,200.98,NA,2556752,"Tommylee Lewis",11,"home",13,2017091705,4472,-0.7,0,0,0,"home"
"694",2017-09-17 20:08:09,48.22,34.38,0.06,0.01,199.53,NA,2556752,"Tommylee Lewis",11,"home",14,2017091705,4472,-0.6,0,0,0,"home"
"695",2017-09-17 20:08:09,48.21,34.37,0.06,0.01,195.49,"ball_snap",2556752,"Tommylee Lewis",11,"home",15,2017091705,4472,-0.5,0,0,0,"home"
"696",2017-09-17 20:08:09,48.2,34.36,0.05,0.01,186.45,NA,2556752,"Tommylee Lewis",11,"home",16,2017091705,4472,-0.4,0,0,0,"home"
"697",2017-09-17 20:08:09,48.2,34.35,0.04,0.01,159.72,NA,2556752,"Tommylee Lewis",11,"home",17,2017091705,4472,-0.3,0,0,0,"home"
"698",2017-09-17 20:08:09,48.19,34.33,0.04,0.02,96.22,NA,2556752,"Tommylee Lewis",11,"home",18,2017091705,4472,-0.2,0,0,0,"home"
"699",2017-09-17 20:08:09,48.17,34.31,0.07,0.03,69.02,NA,2556752,"Tommylee Lewis",11,"home",19,2017091705,4472,-0.1,0,0,0,"home"
"700",2017-09-17 20:08:10,48.16,34.28,0.1,0.03,62.59,"pass_forward",2556752,"Tommylee Lewis",11,"home",20,2017091705,4472,0,0,0,0,"home"
"701",2017-09-17 20:08:10,48.17,34.27,0.13,0.01,63.21,NA,2556752,"Tommylee Lewis",11,"home",21,2017091705,4472,0.1,0,0,0,"home"
"702",2017-09-17 20:08:10,48.18,34.28,0.14,0.01,64.72,NA,2556752,"Tommylee Lewis",11,"home",22,2017091705,4472,0.2,0,0,0,"home"
"703",2017-09-17 20:08:10,48.19,34.29,0.15,0.02,64.9,NA,2556752,"Tommylee Lewis",11,"home",23,2017091705,4472,0.3,0,0,0,"home"
"704",2017-09-17 20:08:10,48.21,34.3,0.15,0.02,65.12,"pass_outcome_incomplete",2556752,"Tommylee Lewis",11,"home",24,2017091705,4472,0.4,0,0,0,"home"
"705",2017-09-17 20:08:10,48.23,34.32,0.15,0.03,66.11,NA,2556752,"Tommylee Lewis",11,"home",25,2017091705,4472,0.5,0,0,0,"home"
"706",2017-09-17 20:08:10,48.26,34.35,0.15,0.04,66.86,NA,2556752,"Tommylee Lewis",11,"home",26,2017091705,4472,0.6,0,0,0,"home"
"707",2017-09-17 20:08:10,48.31,34.39,0.15,0.06,66.2,NA,2556752,"Tommylee Lewis",11,"home",27,2017091705,4472,0.7,0,0,0,"home"
"708",2017-09-17 20:08:10,48.35,34.44,0.15,0.06,65.57,NA,2556752,"Tommylee Lewis",11,"home",28,2017091705,4472,0.8,0,0,0,"home"
"709",2017-09-17 20:08:10,48.39,34.47,0.13,0.05,67.5,NA,2556752,"Tommylee Lewis",11,"home",29,2017091705,4472,0.9,0,0,0,"home"
"710",2017-09-17 20:08:11,48.43,34.49,0.11,0.04,77.09,NA,2556752,"Tommylee Lewis",11,"home",30,2017091705,4472,1,0,0,0,"home"
"711",2017-09-17 20:08:11,48.45,34.49,0.08,0.02,103.56,NA,2556752,"Tommylee Lewis",11,"home",31,2017091705,4472,1.1,0,0,0,"home"
"712",2017-09-17 20:08:11,48.46,34.49,0.08,0.01,143.1,NA,2556752,"Tommylee Lewis",11,"home",32,2017091705,4472,1.2,0,0,0,"home"
"713",2017-09-17 20:08:11,48.46,34.48,0.11,0.01,170.18,NA,2556752,"Tommylee Lewis",11,"home",33,2017091705,4472,1.3,0,0,0,"home"
"714",2017-09-17 20:08:11,48.45,34.47,0.15,0.01,180.34,NA,2556752,"Tommylee Lewis",11,"home",34,2017091705,4472,1.4,0,0,0,"home"
"715",2017-09-17 20:08:08,50.2,21.14,0.25,0.01,42.92,NA,2557959,"Ryan Ramczyk",71,"home",1,2017091705,4472,-1.9,0,0,0,"home"
"716",2017-09-17 20:08:08,50.21,21.14,0.2,0.01,43.1,NA,2557959,"Ryan Ramczyk",71,"home",2,2017091705,4472,-1.8,0,0,0,"home"
"717",2017-09-17 20:08:08,50.23,21.15,0.17,0.03,42.08,NA,2557959,"Ryan Ramczyk",71,"home",3,2017091705,4472,-1.7,0,0,0,"home"
"718",2017-09-17 20:08:08,50.25,21.13,0.15,0.03,39.03,NA,2557959,"Ryan Ramczyk",71,"home",4,2017091705,4472,-1.6,0,0,0,"home"
"719",2017-09-17 20:08:08,50.29,21.11,0.11,0.04,35.78,NA,2557959,"Ryan Ramczyk",71,"home",5,2017091705,4472,-1.5,0,0,0,"home"
"720",2017-09-17 20:08:08,50.33,21.14,0.07,0.05,25.83,NA,2557959,"Ryan Ramczyk",71,"home",6,2017091705,4472,-1.4,0,0,0,"home"
"721",2017-09-17 20:08:08,50.35,21.17,0.06,0.03,356.77,NA,2557959,"Ryan Ramczyk",71,"home",7,2017091705,4472,-1.3,0,0,0,"home"
"722",2017-09-17 20:08:08,50.35,21.17,0.05,0.01,335.63,NA,2557959,"Ryan Ramczyk",71,"home",8,2017091705,4472,-1.2,0,0,0,"home"
"723",2017-09-17 20:08:08,50.34,21.16,0.03,0.01,315.28,NA,2557959,"Ryan Ramczyk",71,"home",9,2017091705,4472,-1.1,0,0,0,"home"
"724",2017-09-17 20:08:09,50.33,21.16,0.07,0.01,338.08,NA,2557959,"Ryan Ramczyk",71,"home",10,2017091705,4472,-1,0,0,0,"home"
"725",2017-09-17 20:08:09,50.31,21.15,0.1,0.02,337.08,NA,2557959,"Ryan Ramczyk",71,"home",11,2017091705,4472,-0.9,0,0,0,"home"
"726",2017-09-17 20:08:09,50.28,21.13,0.13,0.03,332.44,NA,2557959,"Ryan Ramczyk",71,"home",12,2017091705,4472,-0.8,0,0,0,"home"
"727",2017-09-17 20:08:09,50.26,21.1,0.18,0.04,335.54,NA,2557959,"Ryan Ramczyk",71,"home",13,2017091705,4472,-0.7,0,0,0,"home"
"728",2017-09-17 20:08:09,50.22,21.08,0.22,0.04,335.2,NA,2557959,"Ryan Ramczyk",71,"home",14,2017091705,4472,-0.6,0,0,0,"home"
"729",2017-09-17 20:08:09,50.2,21.08,0.25,0.02,332.82,"ball_snap",2557959,"Ryan Ramczyk",71,"home",15,2017091705,4472,-0.5,0,0,0,"home"
"730",2017-09-17 20:08:09,50.21,21.11,0.27,0.03,333.56,NA,2557959,"Ryan Ramczyk",71,"home",16,2017091705,4472,-0.4,0,0,0,"home"
"731",2017-09-17 20:08:09,50.19,21.14,0.3,0.04,338.64,NA,2557959,"Ryan Ramczyk",71,"home",17,2017091705,4472,-0.3,0,0,0,"home"
"732",2017-09-17 20:08:09,50.17,21.19,0.33,0.05,344.88,NA,2557959,"Ryan Ramczyk",71,"home",18,2017091705,4472,-0.2,0,0,0,"home"
"733",2017-09-17 20:08:09,50.16,21.25,0.34,0.06,349.39,NA,2557959,"Ryan Ramczyk",71,"home",19,2017091705,4472,-0.1,0,0,0,"home"
"734",2017-09-17 20:08:10,50.14,21.31,0.36,0.06,355.05,"pass_forward",2557959,"Ryan Ramczyk",71,"home",20,2017091705,4472,0,0,0,0,"home"
"735",2017-09-17 20:08:10,50.12,21.37,0.38,0.06,1.18,NA,2557959,"Ryan Ramczyk",71,"home",21,2017091705,4472,0.1,0,0,0,"home"
"736",2017-09-17 20:08:10,50.12,21.42,0.4,0.06,6.84,NA,2557959,"Ryan Ramczyk",71,"home",22,2017091705,4472,0.2,0,0,0,"home"
"737",2017-09-17 20:08:10,50.12,21.48,0.41,0.06,12.69,NA,2557959,"Ryan Ramczyk",71,"home",23,2017091705,4472,0.3,0,0,0,"home"
"738",2017-09-17 20:08:10,50.13,21.54,0.41,0.06,16.92,"pass_outcome_incomplete",2557959,"Ryan Ramczyk",71,"home",24,2017091705,4472,0.4,0,0,0,"home"
"739",2017-09-17 20:08:10,50.13,21.61,0.4,0.07,20.09,NA,2557959,"Ryan Ramczyk",71,"home",25,2017091705,4472,0.5,0,0,0,"home"
"740",2017-09-17 20:08:10,50.16,21.67,0.37,0.07,25.59,NA,2557959,"Ryan Ramczyk",71,"home",26,2017091705,4472,0.6,0,0,0,"home"
"741",2017-09-17 20:08:10,50.19,21.73,0.34,0.07,32.75,NA,2557959,"Ryan Ramczyk",71,"home",27,2017091705,4472,0.7,0,0,0,"home"
"742",2017-09-17 20:08:10,50.22,21.77,0.31,0.05,41.67,NA,2557959,"Ryan Ramczyk",71,"home",28,2017091705,4472,0.8,0,0,0,"home"
"743",2017-09-17 20:08:10,50.25,21.79,0.29,0.05,52.29,NA,2557959,"Ryan Ramczyk",71,"home",29,2017091705,4472,0.9,0,0,0,"home"
"744",2017-09-17 20:08:11,50.3,21.81,0.28,0.05,63.3,NA,2557959,"Ryan Ramczyk",71,"home",30,2017091705,4472,1,0,0,0,"home"
"745",2017-09-17 20:08:11,50.34,21.81,0.27,0.04,74.8,NA,2557959,"Ryan Ramczyk",71,"home",31,2017091705,4472,1.1,0,0,0,"home"
"746",2017-09-17 20:08:11,50.38,21.8,0.27,0.04,86.94,NA,2557959,"Ryan Ramczyk",71,"home",32,2017091705,4472,1.2,0,0,0,"home"
"747",2017-09-17 20:08:11,50.42,21.79,0.27,0.04,100.21,NA,2557959,"Ryan Ramczyk",71,"home",33,2017091705,4472,1.3,0,0,0,"home"
"748",2017-09-17 20:08:11,50.45,21.78,0.27,0.03,112.88,NA,2557959,"Ryan Ramczyk",71,"home",34,2017091705,4472,1.4,0,0,0,"home"
"749",2017-09-17 20:08:08,51.08,23.7,0.1,0,NA,NA,NA,"football",NA,"ball",1,2017091705,4472,-1.9,0,0,0,"ball"
"750",2017-09-17 20:08:08,51.08,23.7,0.14,0,NA,NA,NA,"football",NA,"ball",2,2017091705,4472,-1.8,0,0,0,"ball"
"751",2017-09-17 20:08:08,51.08,23.7,0.17,0,NA,NA,NA,"football",NA,"ball",3,2017091705,4472,-1.7,0,0,0,"ball"
"752",2017-09-17 20:08:08,51.08,23.7,0.24,0,NA,NA,NA,"football",NA,"ball",4,2017091705,4472,-1.6,0,0,0,"ball"
"753",2017-09-17 20:08:08,51.08,23.7,0.3,0,NA,NA,NA,"football",NA,"ball",5,2017091705,4472,-1.5,0,0,0,"ball"
"754",2017-09-17 20:08:08,51.08,23.7,0.28,0,NA,NA,NA,"football",NA,"ball",6,2017091705,4472,-1.4,0,0,0,"ball"
"755",2017-09-17 20:08:08,51.08,23.7,0.2,0,NA,NA,NA,"football",NA,"ball",7,2017091705,4472,-1.3,0,0,0,"ball"
"756",2017-09-17 20:08:08,51.08,23.7,0.15,0,NA,NA,NA,"football",NA,"ball",8,2017091705,4472,-1.2,0,0,0,"ball"
"757",2017-09-17 20:08:08,51.08,23.7,0.18,0,NA,NA,NA,"football",NA,"ball",9,2017091705,4472,-1.1,0,0,0,"ball"
"758",2017-09-17 20:08:09,51.08,23.7,0.24,0,NA,NA,NA,"football",NA,"ball",10,2017091705,4472,-1,0,0,0,"ball"
"759",2017-09-17 20:08:09,51.08,23.7,0.27,0,NA,NA,NA,"football",NA,"ball",11,2017091705,4472,-0.9,0,0,0,"ball"
"760",2017-09-17 20:08:09,51.08,23.7,0.27,0,NA,NA,NA,"football",NA,"ball",12,2017091705,4472,-0.8,0,0,0,"ball"
"761",2017-09-17 20:08:09,51.08,23.7,0.38,0,NA,NA,NA,"football",NA,"ball",13,2017091705,4472,-0.7,0,0,0,"ball"
"762",2017-09-17 20:08:09,51.08,23.7,0.53,0,NA,NA,NA,"football",NA,"ball",14,2017091705,4472,-0.6,0,0,0,"ball"
"763",2017-09-17 20:08:09,51.08,23.7,0.72,0,NA,NA,NA,"football",NA,"ball",15,2017091705,4472,-0.5,0,0,0,"ball"
"764",2017-09-17 20:08:09,51.02,23.62,0.89,0.1,NA,NA,NA,"football",NA,"ball",16,2017091705,4472,-0.4,0,0,0,"ball"
"765",2017-09-17 20:08:09,50.87,23.43,1.06,0.25,NA,NA,NA,"football",NA,"ball",17,2017091705,4472,-0.3,0,0,0,"ball"
"766",2017-09-17 20:08:09,50.86,23.39,1.27,0.04,NA,NA,NA,"football",NA,"ball",18,2017091705,4472,-0.2,0,0,0,"ball"
"767",2017-09-17 20:08:09,50.86,23.39,1.49,0,NA,NA,NA,"football",NA,"ball",19,2017091705,4472,-0.1,0,0,0,"ball"
"768",2017-09-17 20:08:10,50.86,23.39,1.7,0,NA,NA,NA,"football",NA,"ball",20,2017091705,4472,0,2,1.5,2.5,"ball"
"769",2017-09-17 20:08:10,50.55,23.41,1.86,0.31,NA,NA,NA,"football",NA,"ball",21,2017091705,4472,0.1,2.160875,1.785875,2.535875,"ball"
"770",2017-09-17 20:08:10,49.78,23.45,1.85,0.78,NA,NA,NA,"football",NA,"ball",22,2017091705,4472,0.2,2.2145,1.9645,2.4645,"ball"
"771",2017-09-17 20:08:10,49.55,23.35,1.7,0.24,NA,NA,NA,"football",NA,"ball",23,2017091705,4472,0.3,2.160875,2.035875,2.285875,"ball"
"772",2017-09-17 20:08:10,49.34,23.19,1.58,0.27,NA,NA,NA,"football",NA,"ball",24,2017091705,4472,0.4,2,2,2,"ball"
"773",2017-09-17 20:08:10,49.14,23.08,1.48,0.23,NA,NA,NA,"football",NA,"ball",25,2017091705,4472,0.5,0,0,0,"ball"
"774",2017-09-17 20:08:10,48.98,23.01,1.31,0.18,NA,NA,NA,"football",NA,"ball",26,2017091705,4472,0.6,0,0,0,"ball"
"775",2017-09-17 20:08:10,48.96,22.96,1.13,0.05,NA,NA,NA,"football",NA,"ball",27,2017091705,4472,0.7,0,0,0,"ball"
"776",2017-09-17 20:08:10,48.96,23,0.99,0.04,NA,NA,NA,"football",NA,"ball",28,2017091705,4472,0.8,0,0,0,"ball"
"777",2017-09-17 20:08:10,48.83,23.14,0.92,0.2,NA,NA,NA,"football",NA,"ball",29,2017091705,4472,0.9,0,0,0,"ball"
"778",2017-09-17 20:08:11,48.9,23.11,0.86,0.08,NA,NA,NA,"football",NA,"ball",30,2017091705,4472,1,0,0,0,"ball"
"779",2017-09-17 20:08:11,48.82,23.26,0.77,0.17,NA,NA,NA,"football",NA,"ball",31,2017091705,4472,1.1,0,0,0,"ball"
"780",2017-09-17 20:08:11,48.77,23.34,0.72,0.1,NA,NA,NA,"football",NA,"ball",32,2017091705,4472,1.2,0,0,0,"ball"
"781",2017-09-17 20:08:11,48.71,23.27,0.79,0.09,NA,NA,NA,"football",NA,"ball",33,2017091705,4472,1.3,0,0,0,"ball"
"782",2017-09-17 20:08:11,48.59,23.04,1,0.26,NA,NA,NA,"football",NA,"ball",34,2017091705,4472,1.4,0,0,0,"ball"
